Workbook

Sheet Dashboard
B1: TUBULAR MONITORING — DASHBOARD
B2: TOTAL RIGS | D2: TOTAL HOISTS | F2: TOTAL UNITS | H2: TUBULAR TYPES
B3: 28 | D3: 5 | F3: 33 | H3: 40
B5: TUBULAR DESCRIPTION | C5: ON CONTRACT | D5: PREMIUM ●● White | E5: CLASS 2 ● Yellow | F5: CLASS 3 ● Orange | G5: SCRAP ● Red | H5: NEEDS INSPECTION | I5: NET SHORTFALL | J5: STATUS
B6: ◆ DRILL PIPE
B7: 3-1/2" DP, G-105, 13.3 ppf, NC38 | C7: =Master!D35 -> 468 | D7: =Master!E35 -> 779 | E7: =Master!F35 -> 0 | F7: =Master!G35 -> 0 | G7: =Master!H35 -> 0 | H7: =Master!I35 -> 0 | I7: =(D7+E7)-C7 -> 311 | J7: =IF(C7=0,IF(D7+E7=0,"NO DATA","UNCONTRACTED"),IF(I7<0,"⚠ SHORT",IF(I7=0,"✔ MET","✚ SURPLUS"))) -> ✚ SURPLUS
B8: 3-1/2" DP, G-105, 15.5 ppf, NC38 | C8: =Master!J35 -> 338 | D8: =Master!K35 -> 347 | E8: =Master!L35 -> 0 | F8: =Master!M35 -> 0 | G8: =Master!N35 -> 0 | H8: =Master!O35 -> 8 | I8: =(D8+E8)-C8 -> 9 | J8: =IF(C8=0,IF(D8+E8=0,"NO DATA","UNCONTRACTED"),IF(I8<0,"⚠ SHORT",IF(I8=0,"✔ MET","✚ SURPLUS"))) -> ✚ SURPLUS
B9: 4" DP, G-105, 14.0 ppf, HLIST39 | C9: =Master!P35 -> 0 | D9: =Master!Q35 -> 0 | E9: =Master!R35 -> 0 | F9: =Master!S35 -> 0 | G9: =Master!T35 -> 0 | H9: =Master!U35 -> 0 | I9: =(D9+E9)-C9 -> 0 | J9: =IF(C9=0,IF(D9+E9=0,"NO DATA","UNCONTRACTED"),IF(I9<0,"⚠ SHORT",IF(I9=0,"✔ MET","✚ SURPLUS"))) -> NO DATA
B10: 4" DP, G-105, 15.7 ppf, HLIST39 | C10: =Master!V35 -> 534 | D10: =Master!W35 -> 387 | E10: =Master!X35 -> 0 | F10: =Master!Y35 -> 0 | G10: =Master!Z35 -> 6 | H10: =Master!AA35 -> 14 | I10: =(D10+E10)-C10 -> -147 | J10: =IF(C10=0,IF(D10+E10=0,"NO DATA","UNCONTRACTED"),IF(I10<0,"⚠ SHORT",IF(I10=0,"✔ MET","✚ SURPLUS"))) -> ⚠ SHORT
B11: 4" DP, G-105, 14.0 ppf, XT39 | C11: =Master!AB35 -> 728 | D11: =Master!AC35 -> 815 | E11: =Master!AD35 -> 0 | F11: =Master!AE35 -> 0 | G11: =Master!AF35 -> 4 | H11: =Master!AG35 -> 0 | I11: =(D11+E11)-C11 -> 87 | J11: =IF(C11=0,IF(D11+E11=0,"NO DATA","UNCONTRACTED"),IF(I11<0,"⚠ SHORT",IF(I11=0,"✔ MET","✚ SURPLUS"))) -> ✚ SURPLUS
B12: 4" DP, G-105, 15.7 ppf, XT39 | C12: =Master!AH35 -> 2250 | D12: =Master!AI35 -> 1518 | E12: =Master!AJ35 -> 0 | F12: =Master!AK35 -> 0 | G12: =Master!AL35 -> 59 | H12: =Master!AM35 -> 0 | I12: =(D12+E12)-C12 -> -732 | J12: =IF(C12=0,IF(D12+E12=0,"NO DATA","UNCONTRACTED"),IF(I12<0,"⚠ SHORT",IF(I12=0,"✔ MET","✚ SURPLUS"))) -> ⚠ SHORT
B13: 4" DP, G-105, 14.0 ppf, HT40 | C13: =Master!AN35 -> 268 | D13: =Master!AO35 -> 265 | E13: =Master!AP35 -> 0 | F13: =Master!AQ35 -> 0 | G13: =Master!AR35 -> 0 | H13: =Master!AS35 -> 0 | I13: =(D13+E13)-C13 -> -3 | J13: =IF(C13=0,IF(D13+E13=0,"NO DATA","UNCONTRACTED"),IF(I13<0,"⚠ SHORT",IF(I13=0,"✔ MET","✚ SURPLUS"))) -> ⚠ SHORT
B14: 4" DP, G-105, 15.7 ppf, HT40 | C14: =Master!AT35 -> 210 | D14: =Master!AU35 -> 207 | E14: =Master!AV35 -> 0 | F14: =Master!AW35 -> 0 | G14: =Master!AX35 -> 0 | H14: =Master!AY35 -> 0 | I14: =(D14+E14)-C14 -> -3 | J14: =IF(C14=0,IF(D14+E14=0,"NO DATA","UNCONTRACTED"),IF(I14<0,"⚠ SHORT",IF(I14=0,"✔ MET","✚ SURPLUS"))) -> ⚠ SHORT
B15: 4" DP, S-135, 15.7 ppf, XT39 | C15: =Master!AZ35 -> 208 | D15: =Master!BA35 -> 1080 | E15: =Master!BB35 -> 0 | F15: =Master!BC35 -> 0 | G15: =Master!BD35 -> 155 | H15: =Master!BE35 -> 0 | I15: =(D15+E15)-C15 -> 872 | J15: =IF(C15=0,IF(D15+E15=0,"NO DATA","UNCONTRACTED"),IF(I15<0,"⚠ SHORT",IF(I15=0,"✔ MET","✚ SURPLUS"))) -> ✚ SURPLUS
B16: 5" DP, G-105, 19.5 ppf, NC50 | C16: =Master!BF35 -> 3941 | D16: =Master!BG35 -> 2745 | E16: =Master!BH35 -> 0 | F16: =Master!BI35 -> 0 | G16: =Master!BJ35 -> 301 | H16: =Master!BK35 -> 70 | I16: =(D16+E16)-C16 -> -1196 | J16: =IF(C16=0,IF(D16+E16=0,"NO DATA","UNCONTRACTED"),IF(I16<0,"⚠ SHORT",IF(I16=0,"✔ MET","✚ SURPLUS"))) -> ⚠ SHORT
B17: 5" DP, G-105, 25.6 ppf, NC50 | C17: =Master!BL35 -> 522 | D17: =Master!BM35 -> 1126 | E17: =Master!BN35 -> 0 | F17: =Master!BO35 -> 0 | G17: =Master!BP35 -> 45 | H17: =Master!BQ35 -> 28 | I17: =(D17+E17)-C17 -> 604 | J17: =IF(C17=0,IF(D17+E17=0,"NO DATA","UNCONTRACTED"),IF(I17<0,"⚠ SHORT",IF(I17=0,"✔ MET","✚ SURPLUS"))) -> ✚ SURPLUS
B18: 5" DP, S-135, 19.5 ppf, NC50 | C18: =Master!BR35 -> 364 | D18: =Master!BS35 -> 197 | E18: =Master!BT35 -> 0 | F18: =Master!BU35 -> 0 | G18: =Master!BV35 -> 0 | H18: =Master!BW35 -> 0 | I18: =(D18+E18)-C18 -> -167 | J18: =IF(C18=0,IF(D18+E18=0,"NO DATA","UNCONTRACTED"),IF(I18<0,"⚠ SHORT",IF(I18=0,"✔ MET","✚ SURPLUS"))) -> ⚠ SHORT
B19: 5-1/2" DP, G-105, 24.7 ppf, DELTA544 | C19: =Master!BX35 -> 350 | D19: =Master!BY35 -> 411 | E19: =Master!BZ35 -> 0 | F19: =Master!CA35 -> 0 | G19: =Master!CB35 -> 0 | H19: =Master!CC35 -> 0 | I19: =(D19+E19)-C19 -> 61 | J19: =IF(C19=0,IF(D19+E19=0,"NO DATA","UNCONTRACTED"),IF(I19<0,"⚠ SHORT",IF(I19=0,"✔ MET","✚ SURPLUS"))) -> ✚ SURPLUS
B20: ◆ HWDP
B21: 3-1/2" HWDP, NC38, 25.3 ppf | C21: =Master!CD35 -> 0 | D21: =Master!CE35 -> 96 | E21: =Master!CF35 -> 0 | F21: =Master!CG35 -> 0 | G21: =Master!CH35 -> 0 | H21: =Master!CI35 -> 0 | I21: =(D21+E21)-C21 -> 96 | J21: =IF(C21=0,IF(D21+E21=0,"NO DATA","UNCONTRACTED"),IF(I21<0,"⚠ SHORT",IF(I21=0,"✔ MET","✚ SURPLUS"))) -> UNCONTRACTED
B22: 4" HWDP, HT40, R-2 | C22: =Master!CJ35 -> 205 | D22: =Master!CK35 -> 113 | E22: =Master!CL35 -> 0 | F22: =Master!CM35 -> 0 | G22: =Master!CN35 -> 0 | H22: =Master!CO35 -> 25 | I22: =(D22+E22)-C22 -> -92 | J22: =IF(C22=0,IF(D22+E22=0,"NO DATA","UNCONTRACTED"),IF(I22<0,"⚠ SHORT",IF(I22=0,"✔ MET","✚ SURPLUS"))) -> ⚠ SHORT
B23: 4" HWDP, XT39, 30.5 ppf | C23: =Master!CP35 -> 122 | D23: =Master!CQ35 -> 93 | E23: =Master!CR35 -> 0 | F23: =Master!CS35 -> 0 | G23: =Master!CT35 -> 0 | H23: =Master!CU35 -> 0 | I23: =(D23+E23)-C23 -> -29 | J23: =IF(C23=0,IF(D23+E23=0,"NO DATA","UNCONTRACTED"),IF(I23<0,"⚠ SHORT",IF(I23=0,"✔ MET","✚ SURPLUS"))) -> ⚠ SHORT
B24: 5" HWDP, NC50, 49.3 ppf | C24: =Master!CV35 -> 500 | D24: =Master!CW35 -> 224 | E24: =Master!CX35 -> 0 | F24: =Master!CY35 -> 0 | G24: =Master!CZ35 -> 5 | H24: =Master!DA35 -> 0 | I24: =(D24+E24)-C24 -> -276 | J24: =IF(C24=0,IF(D24+E24=0,"NO DATA","UNCONTRACTED"),IF(I24<0,"⚠ SHORT",IF(I24=0,"✔ MET","✚ SURPLUS"))) -> ⚠ SHORT
B25: 5" HWDP, R-2 | C25: =Master!DB35 -> 532 | D25: =Master!DC35 -> 447 | E25: =Master!DD35 -> 0 | F25: =Master!DE35 -> 0 | G25: =Master!DF35 -> 15 | H25: =Master!DG35 -> 30 | I25: =(D25+E25)-C25 -> -85 | J25: =IF(C25=0,IF(D25+E25=0,"NO DATA","UNCONTRACTED"),IF(I25<0,"⚠ SHORT",IF(I25=0,"✔ MET","✚ SURPLUS"))) -> ⚠ SHORT
B26: 5-1/2" HWDP, DELTA544, 56.5 ppf | C26: =Master!DH35 -> 132 | D26: =Master!DI35 -> 60 | E26: =Master!DJ35 -> 0 | F26: =Master!DK35 -> 0 | G26: =Master!DL35 -> 0 | H26: =Master!DM35 -> 0 | I26: =(D26+E26)-C26 -> -72 | J26: =IF(C26=0,IF(D26+E26=0,"NO DATA","UNCONTRACTED"),IF(I26<0,"⚠ SHORT",IF(I26=0,"✔ MET","✚ SURPLUS"))) -> ⚠ SHORT
B27: ◆ DRILL COLLAR
B28: 9-1/2" DC, 7-5/8" REG, 217.2 lb/ft | C28: =Master!DN35 -> 54 | D28: =Master!DO35 -> 62 | E28: =Master!DP35 -> 0 | F28: =Master!DQ35 -> 0 | G28: =Master!DR35 -> 0 | H28: =Master!DS35 -> 0 | I28: =(D28+E28)-C28 -> 8 | J28: =IF(C28=0,IF(D28+E28=0,"NO DATA","UNCONTRACTED"),IF(I28<0,"⚠ SHORT",IF(I28=0,"✔ MET","✚ SURPLUS"))) -> ✚ SURPLUS
B29: 8-1/2" DC, 6-5/8" REG | C29: =Master!DT35 -> 67 | D29: =Master!DU35 -> 45 | E29: =Master!DV35 -> 0 | F29: =Master!DW35 -> 0 | G29: =Master!DX35 -> 0 | H29: =Master!DY35 -> 0 | I29: =(D29+E29)-C29 -> -22 | J29: =IF(C29=0,IF(D29+E29=0,"NO DATA","UNCONTRACTED"),IF(I29<0,"⚠ SHORT",IF(I29=0,"✔ MET","✚ SURPLUS"))) -> ⚠ SHORT
B30: 8-1/4" DC, 6-5/8" REG, 150.3 lb/ft | C30: =Master!DZ35 -> 82 | D30: =Master!EA35 -> 97 | E30: =Master!EB35 -> 0 | F30: =Master!EC35 -> 0 | G30: =Master!ED35 -> 0 | H30: =Master!EE35 -> 0 | I30: =(D30+E30)-C30 -> 15 | J30: =IF(C30=0,IF(D30+E30=0,"NO DATA","UNCONTRACTED"),IF(I30<0,"⚠ SHORT",IF(I30=0,"✔ MET","✚ SURPLUS"))) -> ✚ SURPLUS
B31: 6-3/4" DC, NC50, 101.4 lb/ft | C31: =Master!EF35 -> 324 | D31: =Master!EG35 -> 245 | E31: =Master!EH35 -> 11 | F31: =Master!EI35 -> 0 | G31: =Master!EJ35 -> 0 | H31: =Master!EK35 -> 2 | I31: =(D31+E31)-C31 -> -68 | J31: =IF(C31=0,IF(D31+E31=0,"NO DATA","UNCONTRACTED"),IF(I31<0,"⚠ SHORT",IF(I31=0,"✔ MET","✚ SURPLUS"))) -> ⚠ SHORT
B32: 6-1/2" DC, 4" IF | C32: =Master!EL35 -> 258 | D32: =Master!EM35 -> 127 | E32: =Master!EN35 -> 0 | F32: =Master!EO35 -> 0 | G32: =Master!EP35 -> 3 | H32: =Master!EQ35 -> 0 | I32: =(D32+E32)-C32 -> -131 | J32: =IF(C32=0,IF(D32+E32=0,"NO DATA","UNCONTRACTED"),IF(I32<0,"⚠ SHORT",IF(I32=0,"✔ MET","✚ SURPLUS"))) -> ⚠ SHORT
B33: 6-1/4" DC, 4" IF (NC46) | C33: =Master!ER35 -> 26 | D33: =Master!ES35 -> 38 | E33: =Master!ET35 -> 0 | F33: =Master!EU35 -> 0 | G33: =Master!EV35 -> 0 | H33: =Master!EW35 -> 0 | I33: =(D33+E33)-C33 -> 12 | J33: =IF(C33=0,IF(D33+E33=0,"NO DATA","UNCONTRACTED"),IF(I33<0,"⚠ SHORT",IF(I33=0,"✔ MET","✚ SURPLUS"))) -> ✚ SURPLUS
B34: 6-1/2" DC, 4-1/2" IF (NC50) | C34: =Master!EX35 -> 94 | D34: =Master!EY35 -> 119 | E34: =Master!EZ35 -> 0 | F34: =Master!FA35 -> 0 | G34: =Master!FB35 -> 1 | H34: =Master!FC35 -> 0 | I34: =(D34+E34)-C34 -> 25 | J34: =IF(C34=0,IF(D34+E34=0,"NO DATA","UNCONTRACTED"),IF(I34<0,"⚠ SHORT",IF(I34=0,"✔ MET","✚ SURPLUS"))) -> ✚ SURPLUS
B35: 4-3/4" DC, NC38, 47.3 lb/ft | C35: =Master!FD35 -> 80 | D35: =Master!FE35 -> 82 | E35: =Master!FF35 -> 1 | F35: =Master!FG35 -> 0 | G35: =Master!FH35 -> 0 | H35: =Master!FI35 -> 0 | I35: =(D35+E35)-C35 -> 3 | J35: =IF(C35=0,IF(D35+E35=0,"NO DATA","UNCONTRACTED"),IF(I35<0,"⚠ SHORT",IF(I35=0,"✔ MET","✚ SURPLUS"))) -> ✚ SURPLUS
B36: ◆ PUP JOINT
B37: 3-1/2" PUP, G-105, NC38, 13.3 ppf | C37: =Master!FJ35 -> 319 | D37: =Master!FK35 -> 229 | E37: =Master!FL35 -> 0 | F37: =Master!FM35 -> 0 | G37: =Master!FN35 -> 7 | H37: =Master!FO35 -> 0 | I37: =(D37+E37)-C37 -> -90 | J37: =IF(C37=0,IF(D37+E37=0,"NO DATA","UNCONTRACTED"),IF(I37<0,"⚠ SHORT",IF(I37=0,"✔ MET","✚ SURPLUS"))) -> ⚠ SHORT
B38: 3-1/2" PUP, G-105, NC38, 15.5 ppf | C38: =Master!FP35 -> 4 | D38: =Master!FQ35 -> 2 | E38: =Master!FR35 -> 0 | F38: =Master!FS35 -> 0 | G38: =Master!FT35 -> 0 | H38: =Master!FU35 -> 6 | I38: =(D38+E38)-C38 -> -2 | J38: =IF(C38=0,IF(D38+E38=0,"NO DATA","UNCONTRACTED"),IF(I38<0,"⚠ SHORT",IF(I38=0,"✔ MET","✚ SURPLUS"))) -> ⚠ SHORT
B39: 4" PUP, G-105, HLIST39, 14.0 ppf | C39: =Master!FV35 -> 0 | D39: =Master!FW35 -> 2 | E39: =Master!FX35 -> 0 | F39: =Master!FY35 -> 0 | G39: =Master!FZ35 -> 0 | H39: =Master!GA35 -> 0 | I39: =(D39+E39)-C39 -> 2 | J39: =IF(C39=0,IF(D39+E39=0,"NO DATA","UNCONTRACTED"),IF(I39<0,"⚠ SHORT",IF(I39=0,"✔ MET","✚ SURPLUS"))) -> UNCONTRACTED
B40: 4" PUP, G-105, HLIST39, 15.7 ppf | C40: =Master!GB35 -> 0 | D40: =Master!GC35 -> 1 | E40: =Master!GD35 -> 0 | F40: =Master!GE35 -> 0 | G40: =Master!GF35 -> 0 | H40: =Master!GG35 -> 0 | I40: =(D40+E40)-C40 -> 1 | J40: =IF(C40=0,IF(D40+E40=0,"NO DATA","UNCONTRACTED"),IF(I40<0,"⚠ SHORT",IF(I40=0,"✔ MET","✚ SURPLUS"))) -> UNCONTRACTED
B41: 4" PUP, G-105, XT39, 14.0 ppf | C41: =Master!GH35 -> 0 | D41: =Master!GI35 -> 6 | E41: =Master!GJ35 -> 0 | F41: =Master!GK35 -> 0 | G41: =Master!GL35 -> 0 | H41: =Master!GM35 -> 2 | I41: =(D41+E41)-C41 -> 6 | J41: =IF(C41=0,IF(D41+E41=0,"NO DATA","UNCONTRACTED"),IF(I41<0,"⚠ SHORT",IF(I41=0,"✔ MET","✚ SURPLUS"))) -> UNCONTRACTED
B42: 4" PUP, G-105, XT39, 15.7 ppf | C42: =Master!GN35 -> 13 | D42: =Master!GO35 -> 16 | E42: =Master!GP35 -> 0 | F42: =Master!GQ35 -> 0 | G42: =Master!GR35 -> 0 | H42: =Master!GS35 -> 0 | I42: =(D42+E42)-C42 -> 3 | J42: =IF(C42=0,IF(D42+E42=0,"NO DATA","UNCONTRACTED"),IF(I42<0,"⚠ SHORT",IF(I42=0,"✔ MET","✚ SURPLUS"))) -> ✚ SURPLUS
B43: 4" PUP, G-105, HT40, 14.0 ppf | C43: =Master!GT35 -> 0 | D43: =Master!GU35 -> 2 | E43: =Master!GV35 -> 0 | F43: =Master!GW35 -> 0 | G43: =Master!GX35 -> 0 | H43: =Master!GY35 -> 0 | I43: =(D43+E43)-C43 -> 2 | J43: =IF(C43=0,IF(D43+E43=0,"NO DATA","UNCONTRACTED"),IF(I43<0,"⚠ SHORT",IF(I43=0,"✔ MET","✚ SURPLUS"))) -> UNCONTRACTED
B44: 4" PUP, G-105, HT40, 15.7 ppf | C44: =Master!GZ35 -> 2 | D44: =Master!HA35 -> 0 | E44: =Master!HB35 -> 0 | F44: =Master!HC35 -> 0 | G44: =Master!HD35 -> 0 | H44: =Master!HE35 -> 0 | I44: =(D44+E44)-C44 -> -2 | J44: =IF(C44=0,IF(D44+E44=0,"NO DATA","UNCONTRACTED"),IF(I44<0,"⚠ SHORT",IF(I44=0,"✔ MET","✚ SURPLUS"))) -> ⚠ SHORT
B45: 4" PUP, S-135, XT39, 15.7 ppf | C45: =Master!HF35 -> 0 | D45: =Master!HG35 -> 4 | E45: =Master!HH35 -> 0 | F45: =Master!HI35 -> 0 | G45: =Master!HJ35 -> 0 | H45: =Master!HK35 -> 0 | I45: =(D45+E45)-C45 -> 4 | J45: =IF(C45=0,IF(D45+E45=0,"NO DATA","UNCONTRACTED"),IF(I45<0,"⚠ SHORT",IF(I45=0,"✔ MET","✚ SURPLUS"))) -> UNCONTRACTED
B46: 5" PUP, G-105, NC50, 19.5 ppf | C46: =Master!HL35 -> 0 | D46: =Master!HM35 -> 6 | E46: =Master!HN35 -> 0 | F46: =Master!HO35 -> 0 | G46: =Master!HP35 -> 0 | H46: =Master!HQ35 -> 0 | I46: =(D46+E46)-C46 -> 6 | J46: =IF(C46=0,IF(D46+E46=0,"NO DATA","UNCONTRACTED"),IF(I46<0,"⚠ SHORT",IF(I46=0,"✔ MET","✚ SURPLUS"))) -> UNCONTRACTED
B47: 5" PUP, G-105, NC50, 25.6 ppf | C47: =Master!HR35 -> 53 | D47: =Master!HS35 -> 47 | E47: =Master!HT35 -> 0 | F47: =Master!HU35 -> 0 | G47: =Master!HV35 -> 0 | H47: =Master!HW35 -> 8 | I47: =(D47+E47)-C47 -> -6 | J47: =IF(C47=0,IF(D47+E47=0,"NO DATA","UNCONTRACTED"),IF(I47<0,"⚠ SHORT",IF(I47=0,"✔ MET","✚ SURPLUS"))) -> ⚠ SHORT
B48: 5" PUP, S-135, NC50, 19.5 ppf | C48: =Master!HX35 -> 0 | D48: =Master!HY35 -> 1 | E48: =Master!HZ35 -> 0 | F48: =Master!IA35 -> 0 | G48: =Master!IB35 -> 0 | H48: =Master!IC35 -> 0 | I48: =(D48+E48)-C48 -> 1 | J48: =IF(C48=0,IF(D48+E48=0,"NO DATA","UNCONTRACTED"),IF(I48<0,"⚠ SHORT",IF(I48=0,"✔ MET","✚ SURPLUS"))) -> UNCONTRACTED
B49: 5-1/2" PUP, G-105, DELTA544, 24.7 ppf | C49: =Master!ID35 -> 6 | D49: =Master!IE35 -> 6 | E49: =Master!IF35 -> 0 | F49: =Master!IG35 -> 0 | G49: =Master!IH35 -> 0 | H49: =Master!II35 -> 0 | I49: =(D49+E49)-C49 -> 0 | J49: =IF(C49=0,IF(D49+E49=0,"NO DATA","UNCONTRACTED"),IF(I49<0,"⚠ SHORT",IF(I49=0,"✔ MET","✚ SURPLUS"))) -> ✔ MET
B52: COLOUR BANDS — API RP 7G CLASSIFICATION
B53: ●● PREMIUM (Two White Bands) ≥80% wall thickness, ≤3% OD wear
B54: ● CLASS 2 (One Yellow Band) ≥70% wall thickness, ≤4% OD wear
B55: ● CLASS 3 (One Orange Band) Imperfections exceeding Class 2 limits
B56: ● SCRAP (One Red Band) No longer fit for service
B57: ⚑ NEEDS INSPECTION Flagged for upcoming inspection cycle
B59: ℹ HOW TO USE: Open any Rig/Hoist sheet → click yellow Description cell → pick from dropdown → enter quantities in classification columns. Dashboard and Master update automatically.

Sheet Master
A1: TUBULAR MONITORING — MASTER SHEET
A2: Aggregated from Rig & Hoist sheets via SUMIF | 31-May-2026
A3: RIG / HOIST | B3: DATE OF UPDATE | C3: UNIT | D3: 3-1/2" DP, G-105, 13.3 ppf, NC38 | J3: 3-1/2" DP, G-105, 15.5 ppf, NC38 | P3: 4" DP, G-105, 14.0 ppf, HLIST39 | V3: 4" DP, G-105, 15.7 ppf, HLIST39 | AB3: 4" DP, G-105, 14.0 ppf, XT39 | AH3: 4" DP, G-105, 15.7 ppf, XT39 | AN3: 4" DP, G-105, 14.0 ppf, HT40 | AT3: 4" DP, G-105, 15.7 ppf, HT40 | AZ3: 4" DP, S-135, 15.7 ppf, XT39 | BF3: 5" DP, G-105, 19.5 ppf, NC50 | BL3: 5" DP, G-105, 25.6 ppf, NC50 | BR3: 5" DP, S-135, 19.5 ppf, NC50 | BX3: 5-1/2" DP, G-105, 24.7 ppf, DELTA544 | CD3: 3-1/2" HWDP, NC38, 25.3 ppf | CJ3: 4" HWDP, HT40, R-2 | CP3: 4" HWDP, XT39, 30.5 ppf | CV3: 5" HWDP, NC50, 49.3 ppf | DB3: 5" HWDP, R-2 | DH3: 5-1/2" HWDP, DELTA544, 56.5 ppf | DN3: 9-1/2" DC, 7-5/8" REG, 217.2 lb/ft | DT3: 8-1/2" DC, 6-5/8" REG | DZ3: 8-1/4" DC, 6-5/8" REG, 150.3 lb/ft | EF3: 6-3/4" DC, NC50, 101.4 lb/ft | EL3: 6-1/2" DC, 4" IF | ER3: 6-1/4" DC, 4" IF (NC46) | EX3: 6-1/2" DC, 4-1/2" IF (NC50) | FD3: 4-3/4" DC, NC38, 47.3 lb/ft | FJ3: 3-1/2" PUP, G-105, NC38, 13.3 ppf | FP3: 3-1/2" PUP, G-105, NC38, 15.5 ppf | FV3: 4" PUP, G-105, HLIST39, 14.0 ppf | GB3: 4" PUP, G-105, HLIST39, 15.7 ppf | GH3: 4" PUP, G-105, XT39, 14.0 ppf | GN3: 4" PUP, G-105, XT39, 15.7 ppf | GT3: 4" PUP, G-105, HT40, 14.0 ppf | GZ3: 4" PUP, G-105, HT40, 15.7 ppf | HF3: 4" PUP, S-135, XT39, 15.7 ppf | HL3: 5" PUP, G-105, NC50, 19.5 ppf | HR3: 5" PUP, G-105, NC50, 25.6 ppf | HX3: 5" PUP, S-135, NC50, 19.5 ppf | ID3: 5-1/2" PUP, G-105, DELTA544, 24.7 ppf
D4: CONTRACT | E4: PREMIUM | F4: CLASS 2 | G4: CLASS 3 | H4: SCRAP | I4: NEEDS INSP | J4: CONTRACT | K4: PREMIUM | L4: CLASS 2 | M4: CLASS 3 | N4: SCRAP | O4: NEEDS INSP | P4: CONTRACT | Q4: PREMIUM | R4: CLASS 2 | S4: CLASS 3 | T4: SCRAP | U4: NEEDS INSP | V4: CONTRACT | W4: PREMIUM | X4: CLASS 2 | Y4: CLASS 3 | Z4: SCRAP | AA4: NEEDS INSP | AB4: CONTRACT | AC4: PREMIUM | AD4: CLASS 2 | AE4: CLASS 3 | AF4: SCRAP | AG4: NEEDS INSP | AH4: CONTRACT | AI4: PREMIUM | AJ4: CLASS 2 | AK4: CLASS 3 | AL4: SCRAP | AM4: NEEDS INSP | AN4: CONTRACT | AO4: PREMIUM | AP4: CLASS 2 | AQ4: CLASS 3 | AR4: SCRAP | AS4: NEEDS INSP | AT4: CONTRACT | AU4: PREMIUM | AV4: CLASS 2 | AW4: CLASS 3 | AX4: SCRAP | AY4: NEEDS INSP | AZ4: CONTRACT | BA4: PREMIUM | BB4: CLASS 2 | BC4: CLASS 3 | BD4: SCRAP | BE4: NEEDS INSP | BF4: CONTRACT | BG4: PREMIUM | BH4: CLASS 2 | BI4: CLASS 3 | BJ4: SCRAP | BK4: NEEDS INSP | BL4: CONTRACT | BM4: PREMIUM | BN4: CLASS 2 | BO4: CLASS 3 | BP4: SCRAP | BQ4: NEEDS INSP | BR4: CONTRACT | BS4: PREMIUM | BT4: CLASS 2 | BU4: CLASS 3 | BV4: SCRAP | BW4: NEEDS INSP | BX4: CONTRACT | BY4: PREMIUM | BZ4: CLASS 2 | CA4: CLASS 3 | CB4: SCRAP | CC4: NEEDS INSP | CD4: CONTRACT | CE4: PREMIUM | CF4: CLASS 2 | CG4: CLASS 3 | CH4: SCRAP | CI4: NEEDS INSP | CJ4: CONTRACT | CK4: PREMIUM | CL4: CLASS 2 | CM4: CLASS 3 | CN4: SCRAP | CO4: NEEDS INSP | CP4: CONTRACT | CQ4: PREMIUM | CR4: CLASS 2 | CS4: CLASS 3 | CT4: SCRAP | CU4: NEEDS INSP | CV4: CONTRACT | CW4: PREMIUM | CX4: CLASS 2 | CY4: CLASS 3 | CZ4: SCRAP | DA4: NEEDS INSP | DB4: CONTRACT | DC4: PREMIUM | DD4: CLASS 2 | DE4: CLASS 3 | DF4: SCRAP | DG4: NEEDS INSP | DH4: CONTRACT | DI4: PREMIUM | DJ4: CLASS 2 | DK4: CLASS 3 | DL4: SCRAP | DM4: NEEDS INSP | DN4: CONTRACT | DO4: PREMIUM | DP4: CLASS 2 | DQ4: CLASS 3 | DR4: SCRAP | DS4: NEEDS INSP | DT4: CONTRACT | DU4: PREMIUM | DV4: CLASS 2 | DW4: CLASS 3 | DX4: SCRAP | DY4: NEEDS INSP | DZ4: CONTRACT | EA4: PREMIUM | EB4: CLASS 2 | EC4: CLASS 3 | ED4: SCRAP | EE4: NEEDS INSP | EF4: CONTRACT | EG4: PREMIUM | EH4: CLASS 2 | EI4: CLASS 3 | EJ4: SCRAP | EK4: NEEDS INSP | EL4: CONTRACT | EM4: PREMIUM | EN4: CLASS 2 | EO4: CLASS 3 | EP4: SCRAP | EQ4: NEEDS INSP | ER4: CONTRACT | ES4: PREMIUM | ET4: CLASS 2 | EU4: CLASS 3 | EV4: SCRAP | EW4: NEEDS INSP | EX4: CONTRACT | EY4: PREMIUM | EZ4: CLASS 2 | FA4: CLASS 3 | FB4: SCRAP | FC4: NEEDS INSP | FD4: CONTRACT | FE4: PREMIUM | FF4: CLASS 2 | FG4: CLASS 3 | FH4: SCRAP | FI4: NEEDS INSP | FJ4: CONTRACT | FK4: PREMIUM | FL4: CLASS 2 | FM4: CLASS 3 | FN4: SCRAP | FO4: NEEDS INSP | FP4: CONTRACT | FQ4: PREMIUM | FR4: CLASS 2 | FS4: CLASS 3 | FT4: SCRAP | FU4: NEEDS INSP | FV4: CONTRACT | FW4: PREMIUM | FX4: CLASS 2 | FY4: CLASS 3 | FZ4: SCRAP | GA4: NEEDS INSP | GB4: CONTRACT | GC4: PREMIUM | GD4: CLASS 2 | GE4: CLASS 3 | GF4: SCRAP | GG4: NEEDS INSP | GH4: CONTRACT | GI4: PREMIUM | GJ4: CLASS 2 | GK4: CLASS 3 | GL4: SCRAP | GM4: NEEDS INSP | GN4: CONTRACT | GO4: PREMIUM | GP4: CLASS 2 | GQ4: CLASS 3 | GR4: SCRAP | GS4: NEEDS INSP | GT4: CONTRACT | GU4: PREMIUM | GV4: CLASS 2 | GW4: CLASS 3 | GX4: SCRAP | GY4: NEEDS INSP | GZ4: CONTRACT | HA4: PREMIUM | HB4: CLASS 2 | HC4: CLASS 3 | HD4: SCRAP | HE4: NEEDS INSP | HF4: CONTRACT | HG4: PREMIUM | HH4: CLASS 2 | HI4: CLASS 3 | HJ4: SCRAP | HK4: NEEDS INSP | HL4: CONTRACT | HM4: PREMIUM | HN4: CLASS 2 | HO4: CLASS 3 | HP4: SCRAP | HQ4: NEEDS INSP | HR4: CONTRACT | HS4: PREMIUM | HT4: CLASS 2 | HU4: CLASS 3 | HV4: SCRAP | HW4: NEEDS INSP | HX4: CONTRACT | HY4: PREMIUM | HZ4: CLASS 2 | IA4: CLASS 3 | IB4: SCRAP | IC4: NEEDS INSP | ID4: CONTRACT | IE4: PREMIUM | IF4: CLASS 2 | IG4: CLASS 3 | IH4: SCRAP | II4: NEEDS INSP
A6: Rig 103 | B6: ='Rig 103'!D2 -> 45454 | C6: Joints | D6: =SUMIF('Rig 103'!$B:$B,Lists!$A$2,'Rig 103'!$C:$C) -> 0 | E6: =SUMIF('Rig 103'!$B:$B,Lists!$A$2,'Rig 103'!$E:$E) -> 0 | F6: =SUMIF('Rig 103'!$B:$B,Lists!$A$2,'Rig 103'!$F:$F) -> 0 | G6: =SUMIF('Rig 103'!$B:$B,Lists!$A$2,'Rig 103'!$G:$G) -> 0 | H6: =SUMIF('Rig 103'!$B:$B,Lists!$A$2,'Rig 103'!$H:$H) -> 0 | I6: =SUMIF('Rig 103'!$B:$B,Lists!$A$2,'Rig 103'!$I:$I) -> 0 | J6: =SUMIF('Rig 103'!$B:$B,Lists!$A$3,'Rig 103'!$C:$C) -> 0 | K6: =SUMIF('Rig 103'!$B:$B,Lists!$A$3,'Rig 103'!$E:$E) -> 0 | L6: =SUMIF('Rig 103'!$B:$B,Lists!$A$3,'Rig 103'!$F:$F) -> 0 | M6: =SUMIF('Rig 103'!$B:$B,Lists!$A$3,'Rig 103'!$G:$G) -> 0 | N6: =SUMIF('Rig 103'!$B:$B,Lists!$A$3,'Rig 103'!$H:$H) -> 0 | O6: =SUMIF('Rig 103'!$B:$B,Lists!$A$3,'Rig 103'!$I:$I) -> 0 | P6: =SUMIF('Rig 103'!$B:$B,Lists!$A$4,'Rig 103'!$C:$C) -> 0 | Q6: =SUMIF('Rig 103'!$B:$B,Lists!$A$4,'Rig 103'!$E:$E) -> 0 | R6: =SUMIF('Rig 103'!$B:$B,Lists!$A$4,'Rig 103'!$F:$F) -> 0 | S6: =SUMIF('Rig 103'!$B:$B,Lists!$A$4,'Rig 103'!$G:$G) -> 0 | T6: =SUMIF('Rig 103'!$B:$B,Lists!$A$4,'Rig 103'!$H:$H) -> 0 | U6: =SUMIF('Rig 103'!$B:$B,Lists!$A$4,'Rig 103'!$I:$I) -> 0 | V6: =SUMIF('Rig 103'!$B:$B,Lists!$A$5,'Rig 103'!$C:$C) -> 0 | W6: =SUMIF('Rig 103'!$B:$B,Lists!$A$5,'Rig 103'!$E:$E) -> 0 | X6: =SUMIF('Rig 103'!$B:$B,Lists!$A$5,'Rig 103'!$F:$F) -> 0 | Y6: =SUMIF('Rig 103'!$B:$B,Lists!$A$5,'Rig 103'!$G:$G) -> 0 | Z6: =SUMIF('Rig 103'!$B:$B,Lists!$A$5,'Rig 103'!$H:$H) -> 0 | AA6: =SUMIF('Rig 103'!$B:$B,Lists!$A$5,'Rig 103'!$I:$I) -> 0 | AB6: =SUMIF('Rig 103'!$B:$B,Lists!$A$6,'Rig 103'!$C:$C) -> 0 | AC6: =SUMIF('Rig 103'!$B:$B,Lists!$A$6,'Rig 103'!$E:$E) -> 0 | AD6: =SUMIF('Rig 103'!$B:$B,Lists!$A$6,'Rig 103'!$F:$F) -> 0 | AE6: =SUMIF('Rig 103'!$B:$B,Lists!$A$6,'Rig 103'!$G:$G) -> 0 | AF6: =SUMIF('Rig 103'!$B:$B,Lists!$A$6,'Rig 103'!$H:$H) -> 0 | AG6: =SUMIF('Rig 103'!$B:$B,Lists!$A$6,'Rig 103'!$I:$I) -> 0 | AH6: =SUMIF('Rig 103'!$B:$B,Lists!$A$7,'Rig 103'!$C:$C) -> 324 | AI6: =SUMIF('Rig 103'!$B:$B,Lists!$A$7,'Rig 103'!$E:$E) -> 315 | AJ6: =SUMIF('Rig 103'!$B:$B,Lists!$A$7,'Rig 103'!$F:$F) -> 0 | AK6: =SUMIF('Rig 103'!$B:$B,Lists!$A$7,'Rig 103'!$G:$G) -> 0 | AL6: =SUMIF('Rig 103'!$B:$B,Lists!$A$7,'Rig 103'!$H:$H) -> 0 | AM6: =SUMIF('Rig 103'!$B:$B,Lists!$A$7,'Rig 103'!$I:$I) -> 0 | AN6: =SUMIF('Rig 103'!$B:$B,Lists!$A$8,'Rig 103'!$C:$C) -> 0 | AO6: =SUMIF('Rig 103'!$B:$B,Lists!$A$8,'Rig 103'!$E:$E) -> 0 | AP6: =SUMIF('Rig 103'!$B:$B,Lists!$A$8,'Rig 103'!$F:$F) -> 0 | AQ6: =SUMIF('Rig 103'!$B:$B,Lists!$A$8,'Rig 103'!$G:$G) -> 0 | AR6: =SUMIF('Rig 103'!$B:$B,Lists!$A$8,'Rig 103'!$H:$H) -> 0 | AS6: =SUMIF('Rig 103'!$B:$B,Lists!$A$8,'Rig 103'!$I:$I) -> 0 | AT6: =SUMIF('Rig 103'!$B:$B,Lists!$A$9,'Rig 103'!$C:$C) -> 0 | AU6: =SUMIF('Rig 103'!$B:$B,Lists!$A$9,'Rig 103'!$E:$E) -> 0 | AV6: =SUMIF('Rig 103'!$B:$B,Lists!$A$9,'Rig 103'!$F:$F) -> 0 | AW6: =SUMIF('Rig 103'!$B:$B,Lists!$A$9,'Rig 103'!$G:$G) -> 0 | AX6: =SUMIF('Rig 103'!$B:$B,Lists!$A$9,'Rig 103'!$H:$H) -> 0 | AY6: =SUMIF('Rig 103'!$B:$B,Lists!$A$9,'Rig 103'!$I:$I) -> 0 | AZ6: =SUMIF('Rig 103'!$B:$B,Lists!$A$10,'Rig 103'!$C:$C) -> 0 | BA6: =SUMIF('Rig 103'!$B:$B,Lists!$A$10,'Rig 103'!$E:$E) -> 0 | BB6: =SUMIF('Rig 103'!$B:$B,Lists!$A$10,'Rig 103'!$F:$F) -> 0 | BC6: =SUMIF('Rig 103'!$B:$B,Lists!$A$10,'Rig 103'!$G:$G) -> 0 | BD6: =SUMIF('Rig 103'!$B:$B,Lists!$A$10,'Rig 103'!$H:$H) -> 0 | BE6: =SUMIF('Rig 103'!$B:$B,Lists!$A$10,'Rig 103'!$I:$I) -> 0 | BF6: =SUMIF('Rig 103'!$B:$B,Lists!$A$11,'Rig 103'!$C:$C) -> 324 | BG6: =SUMIF('Rig 103'!$B:$B,Lists!$A$11,'Rig 103'!$E:$E) -> 0 | BH6: =SUMIF('Rig 103'!$B:$B,Lists!$A$11,'Rig 103'!$F:$F) -> 0 | BI6: =SUMIF('Rig 103'!$B:$B,Lists!$A$11,'Rig 103'!$G:$G) -> 0 | BJ6: =SUMIF('Rig 103'!$B:$B,Lists!$A$11,'Rig 103'!$H:$H) -> 0 | BK6: =SUMIF('Rig 103'!$B:$B,Lists!$A$11,'Rig 103'!$I:$I) -> 0 | BL6: =SUMIF('Rig 103'!$B:$B,Lists!$A$12,'Rig 103'!$C:$C) -> 0 | BM6: =SUMIF('Rig 103'!$B:$B,Lists!$A$12,'Rig 103'!$E:$E) -> 0 | BN6: =SUMIF('Rig 103'!$B:$B,Lists!$A$12,'Rig 103'!$F:$F) -> 0 | BO6: =SUMIF('Rig 103'!$B:$B,Lists!$A$12,'Rig 103'!$G:$G) -> 0 | BP6: =SUMIF('Rig 103'!$B:$B,Lists!$A$12,'Rig 103'!$H:$H) -> 0 | BQ6: =SUMIF('Rig 103'!$B:$B,Lists!$A$12,'Rig 103'!$I:$I) -> 0 | BR6: =SUMIF('Rig 103'!$B:$B,Lists!$A$13,'Rig 103'!$C:$C) -> 0 | BS6: =SUMIF('Rig 103'!$B:$B,Lists!$A$13,'Rig 103'!$E:$E) -> 0 | BT6: =SUMIF('Rig 103'!$B:$B,Lists!$A$13,'Rig 103'!$F:$F) -> 0 | BU6: =SUMIF('Rig 103'!$B:$B,Lists!$A$13,'Rig 103'!$G:$G) -> 0 | BV6: =SUMIF('Rig 103'!$B:$B,Lists!$A$13,'Rig 103'!$H:$H) -> 0 | BW6: =SUMIF('Rig 103'!$B:$B,Lists!$A$13,'Rig 103'!$I:$I) -> 0 | BX6: =SUMIF('Rig 103'!$B:$B,Lists!$A$14,'Rig 103'!$C:$C) -> 0 | BY6: =SUMIF('Rig 103'!$B:$B,Lists!$A$14,'Rig 103'!$E:$E) -> 0 | BZ6: =SUMIF('Rig 103'!$B:$B,Lists!$A$14,'Rig 103'!$F:$F) -> 0 | CA6: =SUMIF('Rig 103'!$B:$B,Lists!$A$14,'Rig 103'!$G:$G) -> 0 | CB6: =SUMIF('Rig 103'!$B:$B,Lists!$A$14,'Rig 103'!$H:$H) -> 0 | CC6: =SUMIF('Rig 103'!$B:$B,Lists!$A$14,'Rig 103'!$I:$I) -> 0 | CD6: =SUMIF('Rig 103'!$B:$B,Lists!$A$15,'Rig 103'!$C:$C) -> 0 | CE6: =SUMIF('Rig 103'!$B:$B,Lists!$A$15,'Rig 103'!$E:$E) -> 0 | CF6: =SUMIF('Rig 103'!$B:$B,Lists!$A$15,'Rig 103'!$F:$F) -> 0 | CG6: =SUMIF('Rig 103'!$B:$B,Lists!$A$15,'Rig 103'!$G:$G) -> 0 | CH6: =SUMIF('Rig 103'!$B:$B,Lists!$A$15,'Rig 103'!$H:$H) -> 0 | CI6: =SUMIF('Rig 103'!$B:$B,Lists!$A$15,'Rig 103'!$I:$I) -> 0 | CJ6: =SUMIF('Rig 103'!$B:$B,Lists!$A$16,'Rig 103'!$C:$C) -> 0 | CK6: =SUMIF('Rig 103'!$B:$B,Lists!$A$16,'Rig 103'!$E:$E) -> 0 | CL6: =SUMIF('Rig 103'!$B:$B,Lists!$A$16,'Rig 103'!$F:$F) -> 0 | CM6: =SUMIF('Rig 103'!$B:$B,Lists!$A$16,'Rig 103'!$G:$G) -> 0 | CN6: =SUMIF('Rig 103'!$B:$B,Lists!$A$16,'Rig 103'!$H:$H) -> 0 | CO6: =SUMIF('Rig 103'!$B:$B,Lists!$A$16,'Rig 103'!$I:$I) -> 0 | CP6: =SUMIF('Rig 103'!$B:$B,Lists!$A$17,'Rig 103'!$C:$C) -> 0 | CQ6: =SUMIF('Rig 103'!$B:$B,Lists!$A$17,'Rig 103'!$E:$E) -> 0 | CR6: =SUMIF('Rig 103'!$B:$B,Lists!$A$17,'Rig 103'!$F:$F) -> 0 | CS6: =SUMIF('Rig 103'!$B:$B,Lists!$A$17,'Rig 103'!$G:$G) -> 0 | CT6: =SUMIF('Rig 103'!$B:$B,Lists!$A$17,'Rig 103'!$H:$H) -> 0 | CU6: =SUMIF('Rig 103'!$B:$B,Lists!$A$17,'Rig 103'!$I:$I) -> 0 | CV6: =SUMIF('Rig 103'!$B:$B,Lists!$A$18,'Rig 103'!$C:$C) -> 43 | CW6: =SUMIF('Rig 103'!$B:$B,Lists!$A$18,'Rig 103'!$E:$E) -> 10 | CX6: =SUMIF('Rig 103'!$B:$B,Lists!$A$18,'Rig 103'!$F:$F) -> 0 | CY6: =SUMIF('Rig 103'!$B:$B,Lists!$A$18,'Rig 103'!$G:$G) -> 0 | CZ6: =SUMIF('Rig 103'!$B:$B,Lists!$A$18,'Rig 103'!$H:$H) -> 0 | DA6: =SUMIF('Rig 103'!$B:$B,Lists!$A$18,'Rig 103'!$I:$I) -> 0 | DB6: =SUMIF('Rig 103'!$B:$B,Lists!$A$19,'Rig 103'!$C:$C) -> 43 | DC6: =SUMIF('Rig 103'!$B:$B,Lists!$A$19,'Rig 103'!$E:$E) -> 0 | DD6: =SUMIF('Rig 103'!$B:$B,Lists!$A$19,'Rig 103'!$F:$F) -> 0 | DE6: =SUMIF('Rig 103'!$B:$B,Lists!$A$19,'Rig 103'!$G:$G) -> 0 | DF6: =SUMIF('Rig 103'!$B:$B,Lists!$A$19,'Rig 103'!$H:$H) -> 0 | DG6: =SUMIF('Rig 103'!$B:$B,Lists!$A$19,'Rig 103'!$I:$I) -> 0 | DH6: =SUMIF('Rig 103'!$B:$B,Lists!$A$20,'Rig 103'!$C:$C) -> 0 | DI6: =SUMIF('Rig 103'!$B:$B,Lists!$A$20,'Rig 103'!$E:$E) -> 0 | DJ6: =SUMIF('Rig 103'!$B:$B,Lists!$A$20,'Rig 103'!$F:$F) -> 0 | DK6: =SUMIF('Rig 103'!$B:$B,Lists!$A$20,'Rig 103'!$G:$G) -> 0 | DL6: =SUMIF('Rig 103'!$B:$B,Lists!$A$20,'Rig 103'!$H:$H) -> 0 | DM6: =SUMIF('Rig 103'!$B:$B,Lists!$A$20,'Rig 103'!$I:$I) -> 0 | DN6: =SUMIF('Rig 103'!$B:$B,Lists!$A$21,'Rig 103'!$C:$C) -> 0 | DO6: =SUMIF('Rig 103'!$B:$B,Lists!$A$21,'Rig 103'!$E:$E) -> 0 | DP6: =SUMIF('Rig 103'!$B:$B,Lists!$A$21,'Rig 103'!$F:$F) -> 0 | DQ6: =SUMIF('Rig 103'!$B:$B,Lists!$A$21,'Rig 103'!$G:$G) -> 0 | DR6: =SUMIF('Rig 103'!$B:$B,Lists!$A$21,'Rig 103'!$H:$H) -> 0 | DS6: =SUMIF('Rig 103'!$B:$B,Lists!$A$21,'Rig 103'!$I:$I) -> 0 | DT6: =SUMIF('Rig 103'!$B:$B,Lists!$A$22,'Rig 103'!$C:$C) -> 0 | DU6: =SUMIF('Rig 103'!$B:$B,Lists!$A$22,'Rig 103'!$E:$E) -> 3 | DV6: =SUMIF('Rig 103'!$B:$B,Lists!$A$22,'Rig 103'!$F:$F) -> 0 | DW6: =SUMIF('Rig 103'!$B:$B,Lists!$A$22,'Rig 103'!$G:$G) -> 0 | DX6: =SUMIF('Rig 103'!$B:$B,Lists!$A$22,'Rig 103'!$H:$H) -> 0 | DY6: =SUMIF('Rig 103'!$B:$B,Lists!$A$22,'Rig 103'!$I:$I) -> 0 | DZ6: =SUMIF('Rig 103'!$B:$B,Lists!$A$23,'Rig 103'!$C:$C) -> 30 | EA6: =SUMIF('Rig 103'!$B:$B,Lists!$A$23,'Rig 103'!$E:$E) -> 15 | EB6: =SUMIF('Rig 103'!$B:$B,Lists!$A$23,'Rig 103'!$F:$F) -> 0 | EC6: =SUMIF('Rig 103'!$B:$B,Lists!$A$23,'Rig 103'!$G:$G) -> 0 | ED6: =SUMIF('Rig 103'!$B:$B,Lists!$A$23,'Rig 103'!$H:$H) -> 0 | EE6: =SUMIF('Rig 103'!$B:$B,Lists!$A$23,'Rig 103'!$I:$I) -> 0 | EF6: =SUMIF('Rig 103'!$B:$B,Lists!$A$24,'Rig 103'!$C:$C) -> 0 | EG6: =SUMIF('Rig 103'!$B:$B,Lists!$A$24,'Rig 103'!$E:$E) -> 0 | EH6: =SUMIF('Rig 103'!$B:$B,Lists!$A$24,'Rig 103'!$F:$F) -> 0 | EI6: =SUMIF('Rig 103'!$B:$B,Lists!$A$24,'Rig 103'!$G:$G) -> 0 | EJ6: =SUMIF('Rig 103'!$B:$B,Lists!$A$24,'Rig 103'!$H:$H) -> 0 | EK6: =SUMIF('Rig 103'!$B:$B,Lists!$A$24,'Rig 103'!$I:$I) -> 0 | EL6: =SUMIF('Rig 103'!$B:$B,Lists!$A$25,'Rig 103'!$C:$C) -> 30 | EM6: =SUMIF('Rig 103'!$B:$B,Lists!$A$25,'Rig 103'!$E:$E) -> 0 | EN6: =SUMIF('Rig 103'!$B:$B,Lists!$A$25,'Rig 103'!$F:$F) -> 0 | EO6: =SUMIF('Rig 103'!$B:$B,Lists!$A$25,'Rig 103'!$G:$G) -> 0 | EP6: =SUMIF('Rig 103'!$B:$B,Lists!$A$25,'Rig 103'!$H:$H) -> 0 | EQ6: =SUMIF('Rig 103'!$B:$B,Lists!$A$25,'Rig 103'!$I:$I) -> 0 | ER6: =SUMIF('Rig 103'!$B:$B,Lists!$A$26,'Rig 103'!$C:$C) -> 0 | ES6: =SUMIF('Rig 103'!$B:$B,Lists!$A$26,'Rig 103'!$E:$E) -> 11 | ET6: =SUMIF('Rig 103'!$B:$B,Lists!$A$26,'Rig 103'!$F:$F) -> 0 | EU6: =SUMIF('Rig 103'!$B:$B,Lists!$A$26,'Rig 103'!$G:$G) -> 0 | EV6: =SUMIF('Rig 103'!$B:$B,Lists!$A$26,'Rig 103'!$H:$H) -> 0 | EW6: =SUMIF('Rig 103'!$B:$B,Lists!$A$26,'Rig 103'!$I:$I) -> 0 | EX6: =SUMIF('Rig 103'!$B:$B,Lists!$A$27,'Rig 103'!$C:$C) -> 0 | EY6: =SUMIF('Rig 103'!$B:$B,Lists!$A$27,'Rig 103'!$E:$E) -> 7 | EZ6: =SUMIF('Rig 103'!$B:$B,Lists!$A$27,'Rig 103'!$F:$F) -> 0 | FA6: =SUMIF('Rig 103'!$B:$B,Lists!$A$27,'Rig 103'!$G:$G) -> 0 | FB6: =SUMIF('Rig 103'!$B:$B,Lists!$A$27,'Rig 103'!$H:$H) -> 0 | FC6: =SUMIF('Rig 103'!$B:$B,Lists!$A$27,'Rig 103'!$I:$I) -> 0 | FD6: =SUMIF('Rig 103'!$B:$B,Lists!$A$28,'Rig 103'!$C:$C) -> 0 | FE6: =SUMIF('Rig 103'!$B:$B,Lists!$A$28,'Rig 103'!$E:$E) -> 0 | FF6: =SUMIF('Rig 103'!$B:$B,Lists!$A$28,'Rig 103'!$F:$F) -> 0 | FG6: =SUMIF('Rig 103'!$B:$B,Lists!$A$28,'Rig 103'!$G:$G) -> 0 | FH6: =SUMIF('Rig 103'!$B:$B,Lists!$A$28,'Rig 103'!$H:$H) -> 0 | FI6: =SUMIF('Rig 103'!$B:$B,Lists!$A$28,'Rig 103'!$I:$I) -> 0 | FJ6: =SUMIF('Rig 103'!$B:$B,Lists!$A$29,'Rig 103'!$C:$C) -> 20 | FK6: =SUMIF('Rig 103'!$B:$B,Lists!$A$29,'Rig 103'!$E:$E) -> 18 | FL6: =SUMIF('Rig 103'!$B:$B,Lists!$A$29,'Rig 103'!$F:$F) -> 0 | FM6: =SUMIF('Rig 103'!$B:$B,Lists!$A$29,'Rig 103'!$G:$G) -> 0 | FN6: =SUMIF('Rig 103'!$B:$B,Lists!$A$29,'Rig 103'!$H:$H) -> 0 | FO6: =SUMIF('Rig 103'!$B:$B,Lists!$A$29,'Rig 103'!$I:$I) -> 0 | FP6: =SUMIF('Rig 103'!$B:$B,Lists!$A$30,'Rig 103'!$C:$C) -> 0 | FQ6: =SUMIF('Rig 103'!$B:$B,Lists!$A$30,'Rig 103'!$E:$E) -> 0 | FR6: =SUMIF('Rig 103'!$B:$B,Lists!$A$30,'Rig 103'!$F:$F) -> 0 | FS6: =SUMIF('Rig 103'!$B:$B,Lists!$A$30,'Rig 103'!$G:$G) -> 0 | FT6: =SUMIF('Rig 103'!$B:$B,Lists!$A$30,'Rig 103'!$H:$H) -> 0 | FU6: =SUMIF('Rig 103'!$B:$B,Lists!$A$30,'Rig 103'!$I:$I) -> 0 | FV6: =SUMIF('Rig 103'!$B:$B,Lists!$A$31,'Rig 103'!$C:$C) -> 0 | FW6: =SUMIF('Rig 103'!$B:$B,Lists!$A$31,'Rig 103'!$E:$E) -> 0 | FX6: =SUMIF('Rig 103'!$B:$B,Lists!$A$31,'Rig 103'!$F:$F) -> 0 | FY6: =SUMIF('Rig 103'!$B:$B,Lists!$A$31,'Rig 103'!$G:$G) -> 0 | FZ6: =SUMIF('Rig 103'!$B:$B,Lists!$A$31,'Rig 103'!$H:$H) -> 0 | GA6: =SUMIF('Rig 103'!$B:$B,Lists!$A$31,'Rig 103'!$I:$I) -> 0 | GB6: =SUMIF('Rig 103'!$B:$B,Lists!$A$32,'Rig 103'!$C:$C) -> 0 | GC6: =SUMIF('Rig 103'!$B:$B,Lists!$A$32,'Rig 103'!$E:$E) -> 0 | GD6: =SUMIF('Rig 103'!$B:$B,Lists!$A$32,'Rig 103'!$F:$F) -> 0 | GE6: =SUMIF('Rig 103'!$B:$B,Lists!$A$32,'Rig 103'!$G:$G) -> 0 | GF6: =SUMIF('Rig 103'!$B:$B,Lists!$A$32,'Rig 103'!$H:$H) -> 0 | GG6: =SUMIF('Rig 103'!$B:$B,Lists!$A$32,'Rig 103'!$I:$I) -> 0 | GH6: =SUMIF('Rig 103'!$B:$B,Lists!$A$33,'Rig 103'!$C:$C) -> 0 | GI6: =SUMIF('Rig 103'!$B:$B,Lists!$A$33,'Rig 103'!$E:$E) -> 0 | GJ6: =SUMIF('Rig 103'!$B:$B,Lists!$A$33,'Rig 103'!$F:$F) -> 0 | GK6: =SUMIF('Rig 103'!$B:$B,Lists!$A$33,'Rig 103'!$G:$G) -> 0 | GL6: =SUMIF('Rig 103'!$B:$B,Lists!$A$33,'Rig 103'!$H:$H) -> 0 | GM6: =SUMIF('Rig 103'!$B:$B,Lists!$A$33,'Rig 103'!$I:$I) -> 0 | GN6: =SUMIF('Rig 103'!$B:$B,Lists!$A$34,'Rig 103'!$C:$C) -> 0 | GO6: =SUMIF('Rig 103'!$B:$B,Lists!$A$34,'Rig 103'!$E:$E) -> 0 | GP6: =SUMIF('Rig 103'!$B:$B,Lists!$A$34,'Rig 103'!$F:$F) -> 0 | GQ6: =SUMIF('Rig 103'!$B:$B,Lists!$A$34,'Rig 103'!$G:$G) -> 0 | GR6: =SUMIF('Rig 103'!$B:$B,Lists!$A$34,'Rig 103'!$H:$H) -> 0 | GS6: =SUMIF('Rig 103'!$B:$B,Lists!$A$34,'Rig 103'!$I:$I) -> 0 | GT6: =SUMIF('Rig 103'!$B:$B,Lists!$A$35,'Rig 103'!$C:$C) -> 0 | GU6: =SUMIF('Rig 103'!$B:$B,Lists!$A$35,'Rig 103'!$E:$E) -> 0 | GV6: =SUMIF('Rig 103'!$B:$B,Lists!$A$35,'Rig 103'!$F:$F) -> 0 | GW6: =SUMIF('Rig 103'!$B:$B,Lists!$A$35,'Rig 103'!$G:$G) -> 0 | GX6: =SUMIF('Rig 103'!$B:$B,Lists!$A$35,'Rig 103'!$H:$H) -> 0 | GY6: =SUMIF('Rig 103'!$B:$B,Lists!$A$35,'Rig 103'!$I:$I) -> 0 | GZ6: =SUMIF('Rig 103'!$B:$B,Lists!$A$36,'Rig 103'!$C:$C) -> 0 | HA6: =SUMIF('Rig 103'!$B:$B,Lists!$A$36,'Rig 103'!$E:$E) -> 0 | HB6: =SUMIF('Rig 103'!$B:$B,Lists!$A$36,'Rig 103'!$F:$F) -> 0 | HC6: =SUMIF('Rig 103'!$B:$B,Lists!$A$36,'Rig 103'!$G:$G) -> 0 | HD6: =SUMIF('Rig 103'!$B:$B,Lists!$A$36,'Rig 103'!$H:$H) -> 0 | HE6: =SUMIF('Rig 103'!$B:$B,Lists!$A$36,'Rig 103'!$I:$I) -> 0 | HF6: =SUMIF('Rig 103'!$B:$B,Lists!$A$37,'Rig 103'!$C:$C) -> 0 | HG6: =SUMIF('Rig 103'!$B:$B,Lists!$A$37,'Rig 103'!$E:$E) -> 0 | HH6: =SUMIF('Rig 103'!$B:$B,Lists!$A$37,'Rig 103'!$F:$F) -> 0 | HI6: =SUMIF('Rig 103'!$B:$B,Lists!$A$37,'Rig 103'!$G:$G) -> 0 | HJ6: =SUMIF('Rig 103'!$B:$B,Lists!$A$37,'Rig 103'!$H:$H) -> 0 | HK6: =SUMIF('Rig 103'!$B:$B,Lists!$A$37,'Rig 103'!$I:$I) -> 0 | HL6: =SUMIF('Rig 103'!$B:$B,Lists!$A$38,'Rig 103'!$C:$C) -> 0 | HM6: =SUMIF('Rig 103'!$B:$B,Lists!$A$38,'Rig 103'!$E:$E) -> 0 | HN6: =SUMIF('Rig 103'!$B:$B,Lists!$A$38,'Rig 103'!$F:$F) -> 0 | HO6: =SUMIF('Rig 103'!$B:$B,Lists!$A$38,'Rig 103'!$G:$G) -> 0 | HP6: =SUMIF('Rig 103'!$B:$B,Lists!$A$38,'Rig 103'!$H:$H) -> 0 | HQ6: =SUMIF('Rig 103'!$B:$B,Lists!$A$38,'Rig 103'!$I:$I) -> 0 | HR6: =SUMIF('Rig 103'!$B:$B,Lists!$A$39,'Rig 103'!$C:$C) -> 6 | HS6: =SUMIF('Rig 103'!$B:$B,Lists!$A$39,'Rig 103'!$E:$E) -> 0 | HT6: =SUMIF('Rig 103'!$B:$B,Lists!$A$39,'Rig 103'!$F:$F) -> 0 | HU6: =SUMIF('Rig 103'!$B:$B,Lists!$A$39,'Rig 103'!$G:$G) -> 0 | HV6: =SUMIF('Rig 103'!$B:$B,Lists!$A$39,'Rig 103'!$H:$H) -> 0 | HW6: =SUMIF('Rig 103'!$B:$B,Lists!$A$39,'Rig 103'!$I:$I) -> 0 | HX6: =SUMIF('Rig 103'!$B:$B,Lists!$A$40,'Rig 103'!$C:$C) -> 0 | HY6: =SUMIF('Rig 103'!$B:$B,Lists!$A$40,'Rig 103'!$E:$E) -> 0 | HZ6: =SUMIF('Rig 103'!$B:$B,Lists!$A$40,'Rig 103'!$F:$F) -> 0 | IA6: =SUMIF('Rig 103'!$B:$B,Lists!$A$40,'Rig 103'!$G:$G) -> 0 | IB6: =SUMIF('Rig 103'!$B:$B,Lists!$A$40,'Rig 103'!$H:$H) -> 0 | IC6: =SUMIF('Rig 103'!$B:$B,Lists!$A$40,'Rig 103'!$I:$I) -> 0 | ID6: =SUMIF('Rig 103'!$B:$B,Lists!$A$41,'Rig 103'!$C:$C) -> 0 | IE6: =SUMIF('Rig 103'!$B:$B,Lists!$A$41,'Rig 103'!$E:$E) -> 0 | IF6: =SUMIF('Rig 103'!$B:$B,Lists!$A$41,'Rig 103'!$F:$F) -> 0 | IG6: =SUMIF('Rig 103'!$B:$B,Lists!$A$41,'Rig 103'!$G:$G) -> 0 | IH6: =SUMIF('Rig 103'!$B:$B,Lists!$A$41,'Rig 103'!$H:$H) -> 0 | II6: =SUMIF('Rig 103'!$B:$B,Lists!$A$41,'Rig 103'!$I:$I) -> 0
A7: Rig 104 | B7: ='Rig 104'!D2 -> 46173 | C7: Joints | D7: =SUMIF('Rig 104'!$B:$B,Lists!$A$2,'Rig 104'!$C:$C) -> 0 | E7: =SUMIF('Rig 104'!$B:$B,Lists!$A$2,'Rig 104'!$E:$E) -> 0 | F7: =SUMIF('Rig 104'!$B:$B,Lists!$A$2,'Rig 104'!$F:$F) -> 0 | G7: =SUMIF('Rig 104'!$B:$B,Lists!$A$2,'Rig 104'!$G:$G) -> 0 | H7: =SUMIF('Rig 104'!$B:$B,Lists!$A$2,'Rig 104'!$H:$H) -> 0 | I7: =SUMIF('Rig 104'!$B:$B,Lists!$A$2,'Rig 104'!$I:$I) -> 0 | J7: =SUMIF('Rig 104'!$B:$B,Lists!$A$3,'Rig 104'!$C:$C) -> 0 | K7: =SUMIF('Rig 104'!$B:$B,Lists!$A$3,'Rig 104'!$E:$E) -> 0 | L7: =SUMIF('Rig 104'!$B:$B,Lists!$A$3,'Rig 104'!$F:$F) -> 0 | M7: =SUMIF('Rig 104'!$B:$B,Lists!$A$3,'Rig 104'!$G:$G) -> 0 | N7: =SUMIF('Rig 104'!$B:$B,Lists!$A$3,'Rig 104'!$H:$H) -> 0 | O7: =SUMIF('Rig 104'!$B:$B,Lists!$A$3,'Rig 104'!$I:$I) -> 0 | P7: =SUMIF('Rig 104'!$B:$B,Lists!$A$4,'Rig 104'!$C:$C) -> 0 | Q7: =SUMIF('Rig 104'!$B:$B,Lists!$A$4,'Rig 104'!$E:$E) -> 0 | R7: =SUMIF('Rig 104'!$B:$B,Lists!$A$4,'Rig 104'!$F:$F) -> 0 | S7: =SUMIF('Rig 104'!$B:$B,Lists!$A$4,'Rig 104'!$G:$G) -> 0 | T7: =SUMIF('Rig 104'!$B:$B,Lists!$A$4,'Rig 104'!$H:$H) -> 0 | U7: =SUMIF('Rig 104'!$B:$B,Lists!$A$4,'Rig 104'!$I:$I) -> 0 | V7: =SUMIF('Rig 104'!$B:$B,Lists!$A$5,'Rig 104'!$C:$C) -> 324 | W7: =SUMIF('Rig 104'!$B:$B,Lists!$A$5,'Rig 104'!$E:$E) -> 0 | X7: =SUMIF('Rig 104'!$B:$B,Lists!$A$5,'Rig 104'!$F:$F) -> 0 | Y7: =SUMIF('Rig 104'!$B:$B,Lists!$A$5,'Rig 104'!$G:$G) -> 0 | Z7: =SUMIF('Rig 104'!$B:$B,Lists!$A$5,'Rig 104'!$H:$H) -> 0 | AA7: =SUMIF('Rig 104'!$B:$B,Lists!$A$5,'Rig 104'!$I:$I) -> 0 | AB7: =SUMIF('Rig 104'!$B:$B,Lists!$A$6,'Rig 104'!$C:$C) -> 0 | AC7: =SUMIF('Rig 104'!$B:$B,Lists!$A$6,'Rig 104'!$E:$E) -> 0 | AD7: =SUMIF('Rig 104'!$B:$B,Lists!$A$6,'Rig 104'!$F:$F) -> 0 | AE7: =SUMIF('Rig 104'!$B:$B,Lists!$A$6,'Rig 104'!$G:$G) -> 0 | AF7: =SUMIF('Rig 104'!$B:$B,Lists!$A$6,'Rig 104'!$H:$H) -> 0 | AG7: =SUMIF('Rig 104'!$B:$B,Lists!$A$6,'Rig 104'!$I:$I) -> 0 | AH7: =SUMIF('Rig 104'!$B:$B,Lists!$A$7,'Rig 104'!$C:$C) -> 0 | AI7: =SUMIF('Rig 104'!$B:$B,Lists!$A$7,'Rig 104'!$E:$E) -> 0 | AJ7: =SUMIF('Rig 104'!$B:$B,Lists!$A$7,'Rig 104'!$F:$F) -> 0 | AK7: =SUMIF('Rig 104'!$B:$B,Lists!$A$7,'Rig 104'!$G:$G) -> 0 | AL7: =SUMIF('Rig 104'!$B:$B,Lists!$A$7,'Rig 104'!$H:$H) -> 0 | AM7: =SUMIF('Rig 104'!$B:$B,Lists!$A$7,'Rig 104'!$I:$I) -> 0 | AN7: =SUMIF('Rig 104'!$B:$B,Lists!$A$8,'Rig 104'!$C:$C) -> 0 | AO7: =SUMIF('Rig 104'!$B:$B,Lists!$A$8,'Rig 104'!$E:$E) -> 0 | AP7: =SUMIF('Rig 104'!$B:$B,Lists!$A$8,'Rig 104'!$F:$F) -> 0 | AQ7: =SUMIF('Rig 104'!$B:$B,Lists!$A$8,'Rig 104'!$G:$G) -> 0 | AR7: =SUMIF('Rig 104'!$B:$B,Lists!$A$8,'Rig 104'!$H:$H) -> 0 | AS7: =SUMIF('Rig 104'!$B:$B,Lists!$A$8,'Rig 104'!$I:$I) -> 0 | AT7: =SUMIF('Rig 104'!$B:$B,Lists!$A$9,'Rig 104'!$C:$C) -> 0 | AU7: =SUMIF('Rig 104'!$B:$B,Lists!$A$9,'Rig 104'!$E:$E) -> 0 | AV7: =SUMIF('Rig 104'!$B:$B,Lists!$A$9,'Rig 104'!$F:$F) -> 0 | AW7: =SUMIF('Rig 104'!$B:$B,Lists!$A$9,'Rig 104'!$G:$G) -> 0 | AX7: =SUMIF('Rig 104'!$B:$B,Lists!$A$9,'Rig 104'!$H:$H) -> 0 | AY7: =SUMIF('Rig 104'!$B:$B,Lists!$A$9,'Rig 104'!$I:$I) -> 0 | AZ7: =SUMIF('Rig 104'!$B:$B,Lists!$A$10,'Rig 104'!$C:$C) -> 0 | BA7: =SUMIF('Rig 104'!$B:$B,Lists!$A$10,'Rig 104'!$E:$E) -> 0 | BB7: =SUMIF('Rig 104'!$B:$B,Lists!$A$10,'Rig 104'!$F:$F) -> 0 | BC7: =SUMIF('Rig 104'!$B:$B,Lists!$A$10,'Rig 104'!$G:$G) -> 0 | BD7: =SUMIF('Rig 104'!$B:$B,Lists!$A$10,'Rig 104'!$H:$H) -> 0 | BE7: =SUMIF('Rig 104'!$B:$B,Lists!$A$10,'Rig 104'!$I:$I) -> 0 | BF7: =SUMIF('Rig 104'!$B:$B,Lists!$A$11,'Rig 104'!$C:$C) -> 324 | BG7: =SUMIF('Rig 104'!$B:$B,Lists!$A$11,'Rig 104'!$E:$E) -> 0 | BH7: =SUMIF('Rig 104'!$B:$B,Lists!$A$11,'Rig 104'!$F:$F) -> 0 | BI7: =SUMIF('Rig 104'!$B:$B,Lists!$A$11,'Rig 104'!$G:$G) -> 0 | BJ7: =SUMIF('Rig 104'!$B:$B,Lists!$A$11,'Rig 104'!$H:$H) -> 0 | BK7: =SUMIF('Rig 104'!$B:$B,Lists!$A$11,'Rig 104'!$I:$I) -> 0 | BL7: =SUMIF('Rig 104'!$B:$B,Lists!$A$12,'Rig 104'!$C:$C) -> 0 | BM7: =SUMIF('Rig 104'!$B:$B,Lists!$A$12,'Rig 104'!$E:$E) -> 0 | BN7: =SUMIF('Rig 104'!$B:$B,Lists!$A$12,'Rig 104'!$F:$F) -> 0 | BO7: =SUMIF('Rig 104'!$B:$B,Lists!$A$12,'Rig 104'!$G:$G) -> 0 | BP7: =SUMIF('Rig 104'!$B:$B,Lists!$A$12,'Rig 104'!$H:$H) -> 0 | BQ7: =SUMIF('Rig 104'!$B:$B,Lists!$A$12,'Rig 104'!$I:$I) -> 0 | BR7: =SUMIF('Rig 104'!$B:$B,Lists!$A$13,'Rig 104'!$C:$C) -> 0 | BS7: =SUMIF('Rig 104'!$B:$B,Lists!$A$13,'Rig 104'!$E:$E) -> 0 | BT7: =SUMIF('Rig 104'!$B:$B,Lists!$A$13,'Rig 104'!$F:$F) -> 0 | BU7: =SUMIF('Rig 104'!$B:$B,Lists!$A$13,'Rig 104'!$G:$G) -> 0 | BV7: =SUMIF('Rig 104'!$B:$B,Lists!$A$13,'Rig 104'!$H:$H) -> 0 | BW7: =SUMIF('Rig 104'!$B:$B,Lists!$A$13,'Rig 104'!$I:$I) -> 0 | BX7: =SUMIF('Rig 104'!$B:$B,Lists!$A$14,'Rig 104'!$C:$C) -> 0 | BY7: =SUMIF('Rig 104'!$B:$B,Lists!$A$14,'Rig 104'!$E:$E) -> 0 | BZ7: =SUMIF('Rig 104'!$B:$B,Lists!$A$14,'Rig 104'!$F:$F) -> 0 | CA7: =SUMIF('Rig 104'!$B:$B,Lists!$A$14,'Rig 104'!$G:$G) -> 0 | CB7: =SUMIF('Rig 104'!$B:$B,Lists!$A$14,'Rig 104'!$H:$H) -> 0 | CC7: =SUMIF('Rig 104'!$B:$B,Lists!$A$14,'Rig 104'!$I:$I) -> 0 | CD7: =SUMIF('Rig 104'!$B:$B,Lists!$A$15,'Rig 104'!$C:$C) -> 0 | CE7: =SUMIF('Rig 104'!$B:$B,Lists!$A$15,'Rig 104'!$E:$E) -> 0 | CF7: =SUMIF('Rig 104'!$B:$B,Lists!$A$15,'Rig 104'!$F:$F) -> 0 | CG7: =SUMIF('Rig 104'!$B:$B,Lists!$A$15,'Rig 104'!$G:$G) -> 0 | CH7: =SUMIF('Rig 104'!$B:$B,Lists!$A$15,'Rig 104'!$H:$H) -> 0 | CI7: =SUMIF('Rig 104'!$B:$B,Lists!$A$15,'Rig 104'!$I:$I) -> 0 | CJ7: =SUMIF('Rig 104'!$B:$B,Lists!$A$16,'Rig 104'!$C:$C) -> 0 | CK7: =SUMIF('Rig 104'!$B:$B,Lists!$A$16,'Rig 104'!$E:$E) -> 0 | CL7: =SUMIF('Rig 104'!$B:$B,Lists!$A$16,'Rig 104'!$F:$F) -> 0 | CM7: =SUMIF('Rig 104'!$B:$B,Lists!$A$16,'Rig 104'!$G:$G) -> 0 | CN7: =SUMIF('Rig 104'!$B:$B,Lists!$A$16,'Rig 104'!$H:$H) -> 0 | CO7: =SUMIF('Rig 104'!$B:$B,Lists!$A$16,'Rig 104'!$I:$I) -> 0 | CP7: =SUMIF('Rig 104'!$B:$B,Lists!$A$17,'Rig 104'!$C:$C) -> 0 | CQ7: =SUMIF('Rig 104'!$B:$B,Lists!$A$17,'Rig 104'!$E:$E) -> 0 | CR7: =SUMIF('Rig 104'!$B:$B,Lists!$A$17,'Rig 104'!$F:$F) -> 0 | CS7: =SUMIF('Rig 104'!$B:$B,Lists!$A$17,'Rig 104'!$G:$G) -> 0 | CT7: =SUMIF('Rig 104'!$B:$B,Lists!$A$17,'Rig 104'!$H:$H) -> 0 | CU7: =SUMIF('Rig 104'!$B:$B,Lists!$A$17,'Rig 104'!$I:$I) -> 0 | CV7: =SUMIF('Rig 104'!$B:$B,Lists!$A$18,'Rig 104'!$C:$C) -> 43 | CW7: =SUMIF('Rig 104'!$B:$B,Lists!$A$18,'Rig 104'!$E:$E) -> 0 | CX7: =SUMIF('Rig 104'!$B:$B,Lists!$A$18,'Rig 104'!$F:$F) -> 0 | CY7: =SUMIF('Rig 104'!$B:$B,Lists!$A$18,'Rig 104'!$G:$G) -> 0 | CZ7: =SUMIF('Rig 104'!$B:$B,Lists!$A$18,'Rig 104'!$H:$H) -> 0 | DA7: =SUMIF('Rig 104'!$B:$B,Lists!$A$18,'Rig 104'!$I:$I) -> 0 | DB7: =SUMIF('Rig 104'!$B:$B,Lists!$A$19,'Rig 104'!$C:$C) -> 43 | DC7: =SUMIF('Rig 104'!$B:$B,Lists!$A$19,'Rig 104'!$E:$E) -> 0 | DD7: =SUMIF('Rig 104'!$B:$B,Lists!$A$19,'Rig 104'!$F:$F) -> 0 | DE7: =SUMIF('Rig 104'!$B:$B,Lists!$A$19,'Rig 104'!$G:$G) -> 0 | DF7: =SUMIF('Rig 104'!$B:$B,Lists!$A$19,'Rig 104'!$H:$H) -> 0 | DG7: =SUMIF('Rig 104'!$B:$B,Lists!$A$19,'Rig 104'!$I:$I) -> 0 | DH7: =SUMIF('Rig 104'!$B:$B,Lists!$A$20,'Rig 104'!$C:$C) -> 0 | DI7: =SUMIF('Rig 104'!$B:$B,Lists!$A$20,'Rig 104'!$E:$E) -> 0 | DJ7: =SUMIF('Rig 104'!$B:$B,Lists!$A$20,'Rig 104'!$F:$F) -> 0 | DK7: =SUMIF('Rig 104'!$B:$B,Lists!$A$20,'Rig 104'!$G:$G) -> 0 | DL7: =SUMIF('Rig 104'!$B:$B,Lists!$A$20,'Rig 104'!$H:$H) -> 0 | DM7: =SUMIF('Rig 104'!$B:$B,Lists!$A$20,'Rig 104'!$I:$I) -> 0 | DN7: =SUMIF('Rig 104'!$B:$B,Lists!$A$21,'Rig 104'!$C:$C) -> 0 | DO7: =SUMIF('Rig 104'!$B:$B,Lists!$A$21,'Rig 104'!$E:$E) -> 0 | DP7: =SUMIF('Rig 104'!$B:$B,Lists!$A$21,'Rig 104'!$F:$F) -> 0 | DQ7: =SUMIF('Rig 104'!$B:$B,Lists!$A$21,'Rig 104'!$G:$G) -> 0 | DR7: =SUMIF('Rig 104'!$B:$B,Lists!$A$21,'Rig 104'!$H:$H) -> 0 | DS7: =SUMIF('Rig 104'!$B:$B,Lists!$A$21,'Rig 104'!$I:$I) -> 0 | DT7: =SUMIF('Rig 104'!$B:$B,Lists!$A$22,'Rig 104'!$C:$C) -> 0 | DU7: =SUMIF('Rig 104'!$B:$B,Lists!$A$22,'Rig 104'!$E:$E) -> 0 | DV7: =SUMIF('Rig 104'!$B:$B,Lists!$A$22,'Rig 104'!$F:$F) -> 0 | DW7: =SUMIF('Rig 104'!$B:$B,Lists!$A$22,'Rig 104'!$G:$G) -> 0 | DX7: =SUMIF('Rig 104'!$B:$B,Lists!$A$22,'Rig 104'!$H:$H) -> 0 | DY7: =SUMIF('Rig 104'!$B:$B,Lists!$A$22,'Rig 104'!$I:$I) -> 0 | DZ7: =SUMIF('Rig 104'!$B:$B,Lists!$A$23,'Rig 104'!$C:$C) -> 0 | EA7: =SUMIF('Rig 104'!$B:$B,Lists!$A$23,'Rig 104'!$E:$E) -> 0 | EB7: =SUMIF('Rig 104'!$B:$B,Lists!$A$23,'Rig 104'!$F:$F) -> 0 | EC7: =SUMIF('Rig 104'!$B:$B,Lists!$A$23,'Rig 104'!$G:$G) -> 0 | ED7: =SUMIF('Rig 104'!$B:$B,Lists!$A$23,'Rig 104'!$H:$H) -> 0 | EE7: =SUMIF('Rig 104'!$B:$B,Lists!$A$23,'Rig 104'!$I:$I) -> 0 | EF7: =SUMIF('Rig 104'!$B:$B,Lists!$A$24,'Rig 104'!$C:$C) -> 30 | EG7: =SUMIF('Rig 104'!$B:$B,Lists!$A$24,'Rig 104'!$E:$E) -> 0 | EH7: =SUMIF('Rig 104'!$B:$B,Lists!$A$24,'Rig 104'!$F:$F) -> 0 | EI7: =SUMIF('Rig 104'!$B:$B,Lists!$A$24,'Rig 104'!$G:$G) -> 0 | EJ7: =SUMIF('Rig 104'!$B:$B,Lists!$A$24,'Rig 104'!$H:$H) -> 0 | EK7: =SUMIF('Rig 104'!$B:$B,Lists!$A$24,'Rig 104'!$I:$I) -> 0 | EL7: =SUMIF('Rig 104'!$B:$B,Lists!$A$25,'Rig 104'!$C:$C) -> 30 | EM7: =SUMIF('Rig 104'!$B:$B,Lists!$A$25,'Rig 104'!$E:$E) -> 0 | EN7: =SUMIF('Rig 104'!$B:$B,Lists!$A$25,'Rig 104'!$F:$F) -> 0 | EO7: =SUMIF('Rig 104'!$B:$B,Lists!$A$25,'Rig 104'!$G:$G) -> 0 | EP7: =SUMIF('Rig 104'!$B:$B,Lists!$A$25,'Rig 104'!$H:$H) -> 0 | EQ7: =SUMIF('Rig 104'!$B:$B,Lists!$A$25,'Rig 104'!$I:$I) -> 0 | ER7: =SUMIF('Rig 104'!$B:$B,Lists!$A$26,'Rig 104'!$C:$C) -> 0 | ES7: =SUMIF('Rig 104'!$B:$B,Lists!$A$26,'Rig 104'!$E:$E) -> 0 | ET7: =SUMIF('Rig 104'!$B:$B,Lists!$A$26,'Rig 104'!$F:$F) -> 0 | EU7: =SUMIF('Rig 104'!$B:$B,Lists!$A$26,'Rig 104'!$G:$G) -> 0 | EV7: =SUMIF('Rig 104'!$B:$B,Lists!$A$26,'Rig 104'!$H:$H) -> 0 | EW7: =SUMIF('Rig 104'!$B:$B,Lists!$A$26,'Rig 104'!$I:$I) -> 0 | EX7: =SUMIF('Rig 104'!$B:$B,Lists!$A$27,'Rig 104'!$C:$C) -> 0 | EY7: =SUMIF('Rig 104'!$B:$B,Lists!$A$27,'Rig 104'!$E:$E) -> 0 | EZ7: =SUMIF('Rig 104'!$B:$B,Lists!$A$27,'Rig 104'!$F:$F) -> 0 | FA7: =SUMIF('Rig 104'!$B:$B,Lists!$A$27,'Rig 104'!$G:$G) -> 0 | FB7: =SUMIF('Rig 104'!$B:$B,Lists!$A$27,'Rig 104'!$H:$H) -> 0 | FC7: =SUMIF('Rig 104'!$B:$B,Lists!$A$27,'Rig 104'!$I:$I) -> 0 | FD7: =SUMIF('Rig 104'!$B:$B,Lists!$A$28,'Rig 104'!$C:$C) -> 0 | FE7: =SUMIF('Rig 104'!$B:$B,Lists!$A$28,'Rig 104'!$E:$E) -> 0 | FF7: =SUMIF('Rig 104'!$B:$B,Lists!$A$28,'Rig 104'!$F:$F) -> 0 | FG7: =SUMIF('Rig 104'!$B:$B,Lists!$A$28,'Rig 104'!$G:$G) -> 0 | FH7: =SUMIF('Rig 104'!$B:$B,Lists!$A$28,'Rig 104'!$H:$H) -> 0 | FI7: =SUMIF('Rig 104'!$B:$B,Lists!$A$28,'Rig 104'!$I:$I) -> 0 | FJ7: =SUMIF('Rig 104'!$B:$B,Lists!$A$29,'Rig 104'!$C:$C) -> 20 | FK7: =SUMIF('Rig 104'!$B:$B,Lists!$A$29,'Rig 104'!$E:$E) -> 0 | FL7: =SUMIF('Rig 104'!$B:$B,Lists!$A$29,'Rig 104'!$F:$F) -> 0 | FM7: =SUMIF('Rig 104'!$B:$B,Lists!$A$29,'Rig 104'!$G:$G) -> 0 | FN7: =SUMIF('Rig 104'!$B:$B,Lists!$A$29,'Rig 104'!$H:$H) -> 0 | FO7: =SUMIF('Rig 104'!$B:$B,Lists!$A$29,'Rig 104'!$I:$I) -> 0 | FP7: =SUMIF('Rig 104'!$B:$B,Lists!$A$30,'Rig 104'!$C:$C) -> 0 | FQ7: =SUMIF('Rig 104'!$B:$B,Lists!$A$30,'Rig 104'!$E:$E) -> 0 | FR7: =SUMIF('Rig 104'!$B:$B,Lists!$A$30,'Rig 104'!$F:$F) -> 0 | FS7: =SUMIF('Rig 104'!$B:$B,Lists!$A$30,'Rig 104'!$G:$G) -> 0 | FT7: =SUMIF('Rig 104'!$B:$B,Lists!$A$30,'Rig 104'!$H:$H) -> 0 | FU7: =SUMIF('Rig 104'!$B:$B,Lists!$A$30,'Rig 104'!$I:$I) -> 0 | FV7: =SUMIF('Rig 104'!$B:$B,Lists!$A$31,'Rig 104'!$C:$C) -> 0 | FW7: =SUMIF('Rig 104'!$B:$B,Lists!$A$31,'Rig 104'!$E:$E) -> 0 | FX7: =SUMIF('Rig 104'!$B:$B,Lists!$A$31,'Rig 104'!$F:$F) -> 0 | FY7: =SUMIF('Rig 104'!$B:$B,Lists!$A$31,'Rig 104'!$G:$G) -> 0 | FZ7: =SUMIF('Rig 104'!$B:$B,Lists!$A$31,'Rig 104'!$H:$H) -> 0 | GA7: =SUMIF('Rig 104'!$B:$B,Lists!$A$31,'Rig 104'!$I:$I) -> 0 | GB7: =SUMIF('Rig 104'!$B:$B,Lists!$A$32,'Rig 104'!$C:$C) -> 0 | GC7: =SUMIF('Rig 104'!$B:$B,Lists!$A$32,'Rig 104'!$E:$E) -> 0 | GD7: =SUMIF('Rig 104'!$B:$B,Lists!$A$32,'Rig 104'!$F:$F) -> 0 | GE7: =SUMIF('Rig 104'!$B:$B,Lists!$A$32,'Rig 104'!$G:$G) -> 0 | GF7: =SUMIF('Rig 104'!$B:$B,Lists!$A$32,'Rig 104'!$H:$H) -> 0 | GG7: =SUMIF('Rig 104'!$B:$B,Lists!$A$32,'Rig 104'!$I:$I) -> 0 | GH7: =SUMIF('Rig 104'!$B:$B,Lists!$A$33,'Rig 104'!$C:$C) -> 0 | GI7: =SUMIF('Rig 104'!$B:$B,Lists!$A$33,'Rig 104'!$E:$E) -> 0 | GJ7: =SUMIF('Rig 104'!$B:$B,Lists!$A$33,'Rig 104'!$F:$F) -> 0 | GK7: =SUMIF('Rig 104'!$B:$B,Lists!$A$33,'Rig 104'!$G:$G) -> 0 | GL7: =SUMIF('Rig 104'!$B:$B,Lists!$A$33,'Rig 104'!$H:$H) -> 0 | GM7: =SUMIF('Rig 104'!$B:$B,Lists!$A$33,'Rig 104'!$I:$I) -> 0 | GN7: =SUMIF('Rig 104'!$B:$B,Lists!$A$34,'Rig 104'!$C:$C) -> 0 | GO7: =SUMIF('Rig 104'!$B:$B,Lists!$A$34,'Rig 104'!$E:$E) -> 0 | GP7: =SUMIF('Rig 104'!$B:$B,Lists!$A$34,'Rig 104'!$F:$F) -> 0 | GQ7: =SUMIF('Rig 104'!$B:$B,Lists!$A$34,'Rig 104'!$G:$G) -> 0 | GR7: =SUMIF('Rig 104'!$B:$B,Lists!$A$34,'Rig 104'!$H:$H) -> 0 | GS7: =SUMIF('Rig 104'!$B:$B,Lists!$A$34,'Rig 104'!$I:$I) -> 0 | GT7: =SUMIF('Rig 104'!$B:$B,Lists!$A$35,'Rig 104'!$C:$C) -> 0 | GU7: =SUMIF('Rig 104'!$B:$B,Lists!$A$35,'Rig 104'!$E:$E) -> 0 | GV7: =SUMIF('Rig 104'!$B:$B,Lists!$A$35,'Rig 104'!$F:$F) -> 0 | GW7: =SUMIF('Rig 104'!$B:$B,Lists!$A$35,'Rig 104'!$G:$G) -> 0 | GX7: =SUMIF('Rig 104'!$B:$B,Lists!$A$35,'Rig 104'!$H:$H) -> 0 | GY7: =SUMIF('Rig 104'!$B:$B,Lists!$A$35,'Rig 104'!$I:$I) -> 0 | GZ7: =SUMIF('Rig 104'!$B:$B,Lists!$A$36,'Rig 104'!$C:$C) -> 0 | HA7: =SUMIF('Rig 104'!$B:$B,Lists!$A$36,'Rig 104'!$E:$E) -> 0 | HB7: =SUMIF('Rig 104'!$B:$B,Lists!$A$36,'Rig 104'!$F:$F) -> 0 | HC7: =SUMIF('Rig 104'!$B:$B,Lists!$A$36,'Rig 104'!$G:$G) -> 0 | HD7: =SUMIF('Rig 104'!$B:$B,Lists!$A$36,'Rig 104'!$H:$H) -> 0 | HE7: =SUMIF('Rig 104'!$B:$B,Lists!$A$36,'Rig 104'!$I:$I) -> 0 | HF7: =SUMIF('Rig 104'!$B:$B,Lists!$A$37,'Rig 104'!$C:$C) -> 0 | HG7: =SUMIF('Rig 104'!$B:$B,Lists!$A$37,'Rig 104'!$E:$E) -> 0 | HH7: =SUMIF('Rig 104'!$B:$B,Lists!$A$37,'Rig 104'!$F:$F) -> 0 | HI7: =SUMIF('Rig 104'!$B:$B,Lists!$A$37,'Rig 104'!$G:$G) -> 0 | HJ7: =SUMIF('Rig 104'!$B:$B,Lists!$A$37,'Rig 104'!$H:$H) -> 0 | HK7: =SUMIF('Rig 104'!$B:$B,Lists!$A$37,'Rig 104'!$I:$I) -> 0 | HL7: =SUMIF('Rig 104'!$B:$B,Lists!$A$38,'Rig 104'!$C:$C) -> 0 | HM7: =SUMIF('Rig 104'!$B:$B,Lists!$A$38,'Rig 104'!$E:$E) -> 0 | HN7: =SUMIF('Rig 104'!$B:$B,Lists!$A$38,'Rig 104'!$F:$F) -> 0 | HO7: =SUMIF('Rig 104'!$B:$B,Lists!$A$38,'Rig 104'!$G:$G) -> 0 | HP7: =SUMIF('Rig 104'!$B:$B,Lists!$A$38,'Rig 104'!$H:$H) -> 0 | HQ7: =SUMIF('Rig 104'!$B:$B,Lists!$A$38,'Rig 104'!$I:$I) -> 0 | HR7: =SUMIF('Rig 104'!$B:$B,Lists!$A$39,'Rig 104'!$C:$C) -> 6 | HS7: =SUMIF('Rig 104'!$B:$B,Lists!$A$39,'Rig 104'!$E:$E) -> 0 | HT7: =SUMIF('Rig 104'!$B:$B,Lists!$A$39,'Rig 104'!$F:$F) -> 0 | HU7: =SUMIF('Rig 104'!$B:$B,Lists!$A$39,'Rig 104'!$G:$G) -> 0 | HV7: =SUMIF('Rig 104'!$B:$B,Lists!$A$39,'Rig 104'!$H:$H) -> 0 | HW7: =SUMIF('Rig 104'!$B:$B,Lists!$A$39,'Rig 104'!$I:$I) -> 0 | HX7: =SUMIF('Rig 104'!$B:$B,Lists!$A$40,'Rig 104'!$C:$C) -> 0 | HY7: =SUMIF('Rig 104'!$B:$B,Lists!$A$40,'Rig 104'!$E:$E) -> 0 | HZ7: =SUMIF('Rig 104'!$B:$B,Lists!$A$40,'Rig 104'!$F:$F) -> 0 | IA7: =SUMIF('Rig 104'!$B:$B,Lists!$A$40,'Rig 104'!$G:$G) -> 0 | IB7: =SUMIF('Rig 104'!$B:$B,Lists!$A$40,'Rig 104'!$H:$H) -> 0 | IC7: =SUMIF('Rig 104'!$B:$B,Lists!$A$40,'Rig 104'!$I:$I) -> 0 | ID7: =SUMIF('Rig 104'!$B:$B,Lists!$A$41,'Rig 104'!$C:$C) -> 0 | IE7: =SUMIF('Rig 104'!$B:$B,Lists!$A$41,'Rig 104'!$E:$E) -> 0 | IF7: =SUMIF('Rig 104'!$B:$B,Lists!$A$41,'Rig 104'!$F:$F) -> 0 | IG7: =SUMIF('Rig 104'!$B:$B,Lists!$A$41,'Rig 104'!$G:$G) -> 0 | IH7: =SUMIF('Rig 104'!$B:$B,Lists!$A$41,'Rig 104'!$H:$H) -> 0 | II7: =SUMIF('Rig 104'!$B:$B,Lists!$A$41,'Rig 104'!$I:$I) -> 0
A8: Rig 105 | B8: ='Rig 105'!D2 -> 46152 | C8: Joints | D8: =SUMIF('Rig 105'!$B:$B,Lists!$A$2,'Rig 105'!$C:$C) -> 0 | E8: =SUMIF('Rig 105'!$B:$B,Lists!$A$2,'Rig 105'!$E:$E) -> 0 | F8: =SUMIF('Rig 105'!$B:$B,Lists!$A$2,'Rig 105'!$F:$F) -> 0 | G8: =SUMIF('Rig 105'!$B:$B,Lists!$A$2,'Rig 105'!$G:$G) -> 0 | H8: =SUMIF('Rig 105'!$B:$B,Lists!$A$2,'Rig 105'!$H:$H) -> 0 | I8: =SUMIF('Rig 105'!$B:$B,Lists!$A$2,'Rig 105'!$I:$I) -> 0 | J8: =SUMIF('Rig 105'!$B:$B,Lists!$A$3,'Rig 105'!$C:$C) -> 0 | K8: =SUMIF('Rig 105'!$B:$B,Lists!$A$3,'Rig 105'!$E:$E) -> 0 | L8: =SUMIF('Rig 105'!$B:$B,Lists!$A$3,'Rig 105'!$F:$F) -> 0 | M8: =SUMIF('Rig 105'!$B:$B,Lists!$A$3,'Rig 105'!$G:$G) -> 0 | N8: =SUMIF('Rig 105'!$B:$B,Lists!$A$3,'Rig 105'!$H:$H) -> 0 | O8: =SUMIF('Rig 105'!$B:$B,Lists!$A$3,'Rig 105'!$I:$I) -> 0 | P8: =SUMIF('Rig 105'!$B:$B,Lists!$A$4,'Rig 105'!$C:$C) -> 0 | Q8: =SUMIF('Rig 105'!$B:$B,Lists!$A$4,'Rig 105'!$E:$E) -> 0 | R8: =SUMIF('Rig 105'!$B:$B,Lists!$A$4,'Rig 105'!$F:$F) -> 0 | S8: =SUMIF('Rig 105'!$B:$B,Lists!$A$4,'Rig 105'!$G:$G) -> 0 | T8: =SUMIF('Rig 105'!$B:$B,Lists!$A$4,'Rig 105'!$H:$H) -> 0 | U8: =SUMIF('Rig 105'!$B:$B,Lists!$A$4,'Rig 105'!$I:$I) -> 0 | V8: =SUMIF('Rig 105'!$B:$B,Lists!$A$5,'Rig 105'!$C:$C) -> 0 | W8: =SUMIF('Rig 105'!$B:$B,Lists!$A$5,'Rig 105'!$E:$E) -> 0 | X8: =SUMIF('Rig 105'!$B:$B,Lists!$A$5,'Rig 105'!$F:$F) -> 0 | Y8: =SUMIF('Rig 105'!$B:$B,Lists!$A$5,'Rig 105'!$G:$G) -> 0 | Z8: =SUMIF('Rig 105'!$B:$B,Lists!$A$5,'Rig 105'!$H:$H) -> 0 | AA8: =SUMIF('Rig 105'!$B:$B,Lists!$A$5,'Rig 105'!$I:$I) -> 0 | AB8: =SUMIF('Rig 105'!$B:$B,Lists!$A$6,'Rig 105'!$C:$C) -> 0 | AC8: =SUMIF('Rig 105'!$B:$B,Lists!$A$6,'Rig 105'!$E:$E) -> 0 | AD8: =SUMIF('Rig 105'!$B:$B,Lists!$A$6,'Rig 105'!$F:$F) -> 0 | AE8: =SUMIF('Rig 105'!$B:$B,Lists!$A$6,'Rig 105'!$G:$G) -> 0 | AF8: =SUMIF('Rig 105'!$B:$B,Lists!$A$6,'Rig 105'!$H:$H) -> 0 | AG8: =SUMIF('Rig 105'!$B:$B,Lists!$A$6,'Rig 105'!$I:$I) -> 0 | AH8: =SUMIF('Rig 105'!$B:$B,Lists!$A$7,'Rig 105'!$C:$C) -> 222 | AI8: =SUMIF('Rig 105'!$B:$B,Lists!$A$7,'Rig 105'!$E:$E) -> 125 | AJ8: =SUMIF('Rig 105'!$B:$B,Lists!$A$7,'Rig 105'!$F:$F) -> 0 | AK8: =SUMIF('Rig 105'!$B:$B,Lists!$A$7,'Rig 105'!$G:$G) -> 0 | AL8: =SUMIF('Rig 105'!$B:$B,Lists!$A$7,'Rig 105'!$H:$H) -> 13 | AM8: =SUMIF('Rig 105'!$B:$B,Lists!$A$7,'Rig 105'!$I:$I) -> 0 | AN8: =SUMIF('Rig 105'!$B:$B,Lists!$A$8,'Rig 105'!$C:$C) -> 0 | AO8: =SUMIF('Rig 105'!$B:$B,Lists!$A$8,'Rig 105'!$E:$E) -> 0 | AP8: =SUMIF('Rig 105'!$B:$B,Lists!$A$8,'Rig 105'!$F:$F) -> 0 | AQ8: =SUMIF('Rig 105'!$B:$B,Lists!$A$8,'Rig 105'!$G:$G) -> 0 | AR8: =SUMIF('Rig 105'!$B:$B,Lists!$A$8,'Rig 105'!$H:$H) -> 0 | AS8: =SUMIF('Rig 105'!$B:$B,Lists!$A$8,'Rig 105'!$I:$I) -> 0 | AT8: =SUMIF('Rig 105'!$B:$B,Lists!$A$9,'Rig 105'!$C:$C) -> 0 | AU8: =SUMIF('Rig 105'!$B:$B,Lists!$A$9,'Rig 105'!$E:$E) -> 0 | AV8: =SUMIF('Rig 105'!$B:$B,Lists!$A$9,'Rig 105'!$F:$F) -> 0 | AW8: =SUMIF('Rig 105'!$B:$B,Lists!$A$9,'Rig 105'!$G:$G) -> 0 | AX8: =SUMIF('Rig 105'!$B:$B,Lists!$A$9,'Rig 105'!$H:$H) -> 0 | AY8: =SUMIF('Rig 105'!$B:$B,Lists!$A$9,'Rig 105'!$I:$I) -> 0 | AZ8: =SUMIF('Rig 105'!$B:$B,Lists!$A$10,'Rig 105'!$C:$C) -> 0 | BA8: =SUMIF('Rig 105'!$B:$B,Lists!$A$10,'Rig 105'!$E:$E) -> 0 | BB8: =SUMIF('Rig 105'!$B:$B,Lists!$A$10,'Rig 105'!$F:$F) -> 0 | BC8: =SUMIF('Rig 105'!$B:$B,Lists!$A$10,'Rig 105'!$G:$G) -> 0 | BD8: =SUMIF('Rig 105'!$B:$B,Lists!$A$10,'Rig 105'!$H:$H) -> 0 | BE8: =SUMIF('Rig 105'!$B:$B,Lists!$A$10,'Rig 105'!$I:$I) -> 0 | BF8: =SUMIF('Rig 105'!$B:$B,Lists!$A$11,'Rig 105'!$C:$C) -> 0 | BG8: =SUMIF('Rig 105'!$B:$B,Lists!$A$11,'Rig 105'!$E:$E) -> 0 | BH8: =SUMIF('Rig 105'!$B:$B,Lists!$A$11,'Rig 105'!$F:$F) -> 0 | BI8: =SUMIF('Rig 105'!$B:$B,Lists!$A$11,'Rig 105'!$G:$G) -> 0 | BJ8: =SUMIF('Rig 105'!$B:$B,Lists!$A$11,'Rig 105'!$H:$H) -> 0 | BK8: =SUMIF('Rig 105'!$B:$B,Lists!$A$11,'Rig 105'!$I:$I) -> 0 | BL8: =SUMIF('Rig 105'!$B:$B,Lists!$A$12,'Rig 105'!$C:$C) -> 0 | BM8: =SUMIF('Rig 105'!$B:$B,Lists!$A$12,'Rig 105'!$E:$E) -> 0 | BN8: =SUMIF('Rig 105'!$B:$B,Lists!$A$12,'Rig 105'!$F:$F) -> 0 | BO8: =SUMIF('Rig 105'!$B:$B,Lists!$A$12,'Rig 105'!$G:$G) -> 0 | BP8: =SUMIF('Rig 105'!$B:$B,Lists!$A$12,'Rig 105'!$H:$H) -> 0 | BQ8: =SUMIF('Rig 105'!$B:$B,Lists!$A$12,'Rig 105'!$I:$I) -> 0 | BR8: =SUMIF('Rig 105'!$B:$B,Lists!$A$13,'Rig 105'!$C:$C) -> 0 | BS8: =SUMIF('Rig 105'!$B:$B,Lists!$A$13,'Rig 105'!$E:$E) -> 0 | BT8: =SUMIF('Rig 105'!$B:$B,Lists!$A$13,'Rig 105'!$F:$F) -> 0 | BU8: =SUMIF('Rig 105'!$B:$B,Lists!$A$13,'Rig 105'!$G:$G) -> 0 | BV8: =SUMIF('Rig 105'!$B:$B,Lists!$A$13,'Rig 105'!$H:$H) -> 0 | BW8: =SUMIF('Rig 105'!$B:$B,Lists!$A$13,'Rig 105'!$I:$I) -> 0 | BX8: =SUMIF('Rig 105'!$B:$B,Lists!$A$14,'Rig 105'!$C:$C) -> 0 | BY8: =SUMIF('Rig 105'!$B:$B,Lists!$A$14,'Rig 105'!$E:$E) -> 0 | BZ8: =SUMIF('Rig 105'!$B:$B,Lists!$A$14,'Rig 105'!$F:$F) -> 0 | CA8: =SUMIF('Rig 105'!$B:$B,Lists!$A$14,'Rig 105'!$G:$G) -> 0 | CB8: =SUMIF('Rig 105'!$B:$B,Lists!$A$14,'Rig 105'!$H:$H) -> 0 | CC8: =SUMIF('Rig 105'!$B:$B,Lists!$A$14,'Rig 105'!$I:$I) -> 0 | CD8: =SUMIF('Rig 105'!$B:$B,Lists!$A$15,'Rig 105'!$C:$C) -> 0 | CE8: =SUMIF('Rig 105'!$B:$B,Lists!$A$15,'Rig 105'!$E:$E) -> 0 | CF8: =SUMIF('Rig 105'!$B:$B,Lists!$A$15,'Rig 105'!$F:$F) -> 0 | CG8: =SUMIF('Rig 105'!$B:$B,Lists!$A$15,'Rig 105'!$G:$G) -> 0 | CH8: =SUMIF('Rig 105'!$B:$B,Lists!$A$15,'Rig 105'!$H:$H) -> 0 | CI8: =SUMIF('Rig 105'!$B:$B,Lists!$A$15,'Rig 105'!$I:$I) -> 0 | CJ8: =SUMIF('Rig 105'!$B:$B,Lists!$A$16,'Rig 105'!$C:$C) -> 0 | CK8: =SUMIF('Rig 105'!$B:$B,Lists!$A$16,'Rig 105'!$E:$E) -> 0 | CL8: =SUMIF('Rig 105'!$B:$B,Lists!$A$16,'Rig 105'!$F:$F) -> 0 | CM8: =SUMIF('Rig 105'!$B:$B,Lists!$A$16,'Rig 105'!$G:$G) -> 0 | CN8: =SUMIF('Rig 105'!$B:$B,Lists!$A$16,'Rig 105'!$H:$H) -> 0 | CO8: =SUMIF('Rig 105'!$B:$B,Lists!$A$16,'Rig 105'!$I:$I) -> 0 | CP8: =SUMIF('Rig 105'!$B:$B,Lists!$A$17,'Rig 105'!$C:$C) -> 0 | CQ8: =SUMIF('Rig 105'!$B:$B,Lists!$A$17,'Rig 105'!$E:$E) -> 0 | CR8: =SUMIF('Rig 105'!$B:$B,Lists!$A$17,'Rig 105'!$F:$F) -> 0 | CS8: =SUMIF('Rig 105'!$B:$B,Lists!$A$17,'Rig 105'!$G:$G) -> 0 | CT8: =SUMIF('Rig 105'!$B:$B,Lists!$A$17,'Rig 105'!$H:$H) -> 0 | CU8: =SUMIF('Rig 105'!$B:$B,Lists!$A$17,'Rig 105'!$I:$I) -> 0 | CV8: =SUMIF('Rig 105'!$B:$B,Lists!$A$18,'Rig 105'!$C:$C) -> 39 | CW8: =SUMIF('Rig 105'!$B:$B,Lists!$A$18,'Rig 105'!$E:$E) -> 54 | CX8: =SUMIF('Rig 105'!$B:$B,Lists!$A$18,'Rig 105'!$F:$F) -> 0 | CY8: =SUMIF('Rig 105'!$B:$B,Lists!$A$18,'Rig 105'!$G:$G) -> 0 | CZ8: =SUMIF('Rig 105'!$B:$B,Lists!$A$18,'Rig 105'!$H:$H) -> 0 | DA8: =SUMIF('Rig 105'!$B:$B,Lists!$A$18,'Rig 105'!$I:$I) -> 0 | DB8: =SUMIF('Rig 105'!$B:$B,Lists!$A$19,'Rig 105'!$C:$C) -> 0 | DC8: =SUMIF('Rig 105'!$B:$B,Lists!$A$19,'Rig 105'!$E:$E) -> 0 | DD8: =SUMIF('Rig 105'!$B:$B,Lists!$A$19,'Rig 105'!$F:$F) -> 0 | DE8: =SUMIF('Rig 105'!$B:$B,Lists!$A$19,'Rig 105'!$G:$G) -> 0 | DF8: =SUMIF('Rig 105'!$B:$B,Lists!$A$19,'Rig 105'!$H:$H) -> 0 | DG8: =SUMIF('Rig 105'!$B:$B,Lists!$A$19,'Rig 105'!$I:$I) -> 0 | DH8: =SUMIF('Rig 105'!$B:$B,Lists!$A$20,'Rig 105'!$C:$C) -> 0 | DI8: =SUMIF('Rig 105'!$B:$B,Lists!$A$20,'Rig 105'!$E:$E) -> 0 | DJ8: =SUMIF('Rig 105'!$B:$B,Lists!$A$20,'Rig 105'!$F:$F) -> 0 | DK8: =SUMIF('Rig 105'!$B:$B,Lists!$A$20,'Rig 105'!$G:$G) -> 0 | DL8: =SUMIF('Rig 105'!$B:$B,Lists!$A$20,'Rig 105'!$H:$H) -> 0 | DM8: =SUMIF('Rig 105'!$B:$B,Lists!$A$20,'Rig 105'!$I:$I) -> 0 | DN8: =SUMIF('Rig 105'!$B:$B,Lists!$A$21,'Rig 105'!$C:$C) -> 0 | DO8: =SUMIF('Rig 105'!$B:$B,Lists!$A$21,'Rig 105'!$E:$E) -> 0 | DP8: =SUMIF('Rig 105'!$B:$B,Lists!$A$21,'Rig 105'!$F:$F) -> 0 | DQ8: =SUMIF('Rig 105'!$B:$B,Lists!$A$21,'Rig 105'!$G:$G) -> 0 | DR8: =SUMIF('Rig 105'!$B:$B,Lists!$A$21,'Rig 105'!$H:$H) -> 0 | DS8: =SUMIF('Rig 105'!$B:$B,Lists!$A$21,'Rig 105'!$I:$I) -> 0 | DT8: =SUMIF('Rig 105'!$B:$B,Lists!$A$22,'Rig 105'!$C:$C) -> 0 | DU8: =SUMIF('Rig 105'!$B:$B,Lists!$A$22,'Rig 105'!$E:$E) -> 0 | DV8: =SUMIF('Rig 105'!$B:$B,Lists!$A$22,'Rig 105'!$F:$F) -> 0 | DW8: =SUMIF('Rig 105'!$B:$B,Lists!$A$22,'Rig 105'!$G:$G) -> 0 | DX8: =SUMIF('Rig 105'!$B:$B,Lists!$A$22,'Rig 105'!$H:$H) -> 0 | DY8: =SUMIF('Rig 105'!$B:$B,Lists!$A$22,'Rig 105'!$I:$I) -> 0 | DZ8: =SUMIF('Rig 105'!$B:$B,Lists!$A$23,'Rig 105'!$C:$C) -> 10 | EA8: =SUMIF('Rig 105'!$B:$B,Lists!$A$23,'Rig 105'!$E:$E) -> 6 | EB8: =SUMIF('Rig 105'!$B:$B,Lists!$A$23,'Rig 105'!$F:$F) -> 0 | EC8: =SUMIF('Rig 105'!$B:$B,Lists!$A$23,'Rig 105'!$G:$G) -> 0 | ED8: =SUMIF('Rig 105'!$B:$B,Lists!$A$23,'Rig 105'!$H:$H) -> 0 | EE8: =SUMIF('Rig 105'!$B:$B,Lists!$A$23,'Rig 105'!$I:$I) -> 0 | EF8: =SUMIF('Rig 105'!$B:$B,Lists!$A$24,'Rig 105'!$C:$C) -> 0 | EG8: =SUMIF('Rig 105'!$B:$B,Lists!$A$24,'Rig 105'!$E:$E) -> 0 | EH8: =SUMIF('Rig 105'!$B:$B,Lists!$A$24,'Rig 105'!$F:$F) -> 0 | EI8: =SUMIF('Rig 105'!$B:$B,Lists!$A$24,'Rig 105'!$G:$G) -> 0 | EJ8: =SUMIF('Rig 105'!$B:$B,Lists!$A$24,'Rig 105'!$H:$H) -> 0 | EK8: =SUMIF('Rig 105'!$B:$B,Lists!$A$24,'Rig 105'!$I:$I) -> 0 | EL8: =SUMIF('Rig 105'!$B:$B,Lists!$A$25,'Rig 105'!$C:$C) -> 0 | EM8: =SUMIF('Rig 105'!$B:$B,Lists!$A$25,'Rig 105'!$E:$E) -> 0 | EN8: =SUMIF('Rig 105'!$B:$B,Lists!$A$25,'Rig 105'!$F:$F) -> 0 | EO8: =SUMIF('Rig 105'!$B:$B,Lists!$A$25,'Rig 105'!$G:$G) -> 0 | EP8: =SUMIF('Rig 105'!$B:$B,Lists!$A$25,'Rig 105'!$H:$H) -> 0 | EQ8: =SUMIF('Rig 105'!$B:$B,Lists!$A$25,'Rig 105'!$I:$I) -> 0 | ER8: =SUMIF('Rig 105'!$B:$B,Lists!$A$26,'Rig 105'!$C:$C) -> 0 | ES8: =SUMIF('Rig 105'!$B:$B,Lists!$A$26,'Rig 105'!$E:$E) -> 0 | ET8: =SUMIF('Rig 105'!$B:$B,Lists!$A$26,'Rig 105'!$F:$F) -> 0 | EU8: =SUMIF('Rig 105'!$B:$B,Lists!$A$26,'Rig 105'!$G:$G) -> 0 | EV8: =SUMIF('Rig 105'!$B:$B,Lists!$A$26,'Rig 105'!$H:$H) -> 0 | EW8: =SUMIF('Rig 105'!$B:$B,Lists!$A$26,'Rig 105'!$I:$I) -> 0 | EX8: =SUMIF('Rig 105'!$B:$B,Lists!$A$27,'Rig 105'!$C:$C) -> 9 | EY8: =SUMIF('Rig 105'!$B:$B,Lists!$A$27,'Rig 105'!$E:$E) -> 7 | EZ8: =SUMIF('Rig 105'!$B:$B,Lists!$A$27,'Rig 105'!$F:$F) -> 0 | FA8: =SUMIF('Rig 105'!$B:$B,Lists!$A$27,'Rig 105'!$G:$G) -> 0 | FB8: =SUMIF('Rig 105'!$B:$B,Lists!$A$27,'Rig 105'!$H:$H) -> 0 | FC8: =SUMIF('Rig 105'!$B:$B,Lists!$A$27,'Rig 105'!$I:$I) -> 0 | FD8: =SUMIF('Rig 105'!$B:$B,Lists!$A$28,'Rig 105'!$C:$C) -> 19 | FE8: =SUMIF('Rig 105'!$B:$B,Lists!$A$28,'Rig 105'!$E:$E) -> 7 | FF8: =SUMIF('Rig 105'!$B:$B,Lists!$A$28,'Rig 105'!$F:$F) -> 0 | FG8: =SUMIF('Rig 105'!$B:$B,Lists!$A$28,'Rig 105'!$G:$G) -> 0 | FH8: =SUMIF('Rig 105'!$B:$B,Lists!$A$28,'Rig 105'!$H:$H) -> 0 | FI8: =SUMIF('Rig 105'!$B:$B,Lists!$A$28,'Rig 105'!$I:$I) -> 0 | FJ8: =SUMIF('Rig 105'!$B:$B,Lists!$A$29,'Rig 105'!$C:$C) -> 20 | FK8: =SUMIF('Rig 105'!$B:$B,Lists!$A$29,'Rig 105'!$E:$E) -> 8 | FL8: =SUMIF('Rig 105'!$B:$B,Lists!$A$29,'Rig 105'!$F:$F) -> 0 | FM8: =SUMIF('Rig 105'!$B:$B,Lists!$A$29,'Rig 105'!$G:$G) -> 0 | FN8: =SUMIF('Rig 105'!$B:$B,Lists!$A$29,'Rig 105'!$H:$H) -> 0 | FO8: =SUMIF('Rig 105'!$B:$B,Lists!$A$29,'Rig 105'!$I:$I) -> 0 | FP8: =SUMIF('Rig 105'!$B:$B,Lists!$A$30,'Rig 105'!$C:$C) -> 0 | FQ8: =SUMIF('Rig 105'!$B:$B,Lists!$A$30,'Rig 105'!$E:$E) -> 0 | FR8: =SUMIF('Rig 105'!$B:$B,Lists!$A$30,'Rig 105'!$F:$F) -> 0 | FS8: =SUMIF('Rig 105'!$B:$B,Lists!$A$30,'Rig 105'!$G:$G) -> 0 | FT8: =SUMIF('Rig 105'!$B:$B,Lists!$A$30,'Rig 105'!$H:$H) -> 0 | FU8: =SUMIF('Rig 105'!$B:$B,Lists!$A$30,'Rig 105'!$I:$I) -> 0 | FV8: =SUMIF('Rig 105'!$B:$B,Lists!$A$31,'Rig 105'!$C:$C) -> 0 | FW8: =SUMIF('Rig 105'!$B:$B,Lists!$A$31,'Rig 105'!$E:$E) -> 0 | FX8: =SUMIF('Rig 105'!$B:$B,Lists!$A$31,'Rig 105'!$F:$F) -> 0 | FY8: =SUMIF('Rig 105'!$B:$B,Lists!$A$31,'Rig 105'!$G:$G) -> 0 | FZ8: =SUMIF('Rig 105'!$B:$B,Lists!$A$31,'Rig 105'!$H:$H) -> 0 | GA8: =SUMIF('Rig 105'!$B:$B,Lists!$A$31,'Rig 105'!$I:$I) -> 0 | GB8: =SUMIF('Rig 105'!$B:$B,Lists!$A$32,'Rig 105'!$C:$C) -> 0 | GC8: =SUMIF('Rig 105'!$B:$B,Lists!$A$32,'Rig 105'!$E:$E) -> 0 | GD8: =SUMIF('Rig 105'!$B:$B,Lists!$A$32,'Rig 105'!$F:$F) -> 0 | GE8: =SUMIF('Rig 105'!$B:$B,Lists!$A$32,'Rig 105'!$G:$G) -> 0 | GF8: =SUMIF('Rig 105'!$B:$B,Lists!$A$32,'Rig 105'!$H:$H) -> 0 | GG8: =SUMIF('Rig 105'!$B:$B,Lists!$A$32,'Rig 105'!$I:$I) -> 0 | GH8: =SUMIF('Rig 105'!$B:$B,Lists!$A$33,'Rig 105'!$C:$C) -> 0 | GI8: =SUMIF('Rig 105'!$B:$B,Lists!$A$33,'Rig 105'!$E:$E) -> 0 | GJ8: =SUMIF('Rig 105'!$B:$B,Lists!$A$33,'Rig 105'!$F:$F) -> 0 | GK8: =SUMIF('Rig 105'!$B:$B,Lists!$A$33,'Rig 105'!$G:$G) -> 0 | GL8: =SUMIF('Rig 105'!$B:$B,Lists!$A$33,'Rig 105'!$H:$H) -> 0 | GM8: =SUMIF('Rig 105'!$B:$B,Lists!$A$33,'Rig 105'!$I:$I) -> 0 | GN8: =SUMIF('Rig 105'!$B:$B,Lists!$A$34,'Rig 105'!$C:$C) -> 0 | GO8: =SUMIF('Rig 105'!$B:$B,Lists!$A$34,'Rig 105'!$E:$E) -> 0 | GP8: =SUMIF('Rig 105'!$B:$B,Lists!$A$34,'Rig 105'!$F:$F) -> 0 | GQ8: =SUMIF('Rig 105'!$B:$B,Lists!$A$34,'Rig 105'!$G:$G) -> 0 | GR8: =SUMIF('Rig 105'!$B:$B,Lists!$A$34,'Rig 105'!$H:$H) -> 0 | GS8: =SUMIF('Rig 105'!$B:$B,Lists!$A$34,'Rig 105'!$I:$I) -> 0 | GT8: =SUMIF('Rig 105'!$B:$B,Lists!$A$35,'Rig 105'!$C:$C) -> 0 | GU8: =SUMIF('Rig 105'!$B:$B,Lists!$A$35,'Rig 105'!$E:$E) -> 0 | GV8: =SUMIF('Rig 105'!$B:$B,Lists!$A$35,'Rig 105'!$F:$F) -> 0 | GW8: =SUMIF('Rig 105'!$B:$B,Lists!$A$35,'Rig 105'!$G:$G) -> 0 | GX8: =SUMIF('Rig 105'!$B:$B,Lists!$A$35,'Rig 105'!$H:$H) -> 0 | GY8: =SUMIF('Rig 105'!$B:$B,Lists!$A$35,'Rig 105'!$I:$I) -> 0 | GZ8: =SUMIF('Rig 105'!$B:$B,Lists!$A$36,'Rig 105'!$C:$C) -> 0 | HA8: =SUMIF('Rig 105'!$B:$B,Lists!$A$36,'Rig 105'!$E:$E) -> 0 | HB8: =SUMIF('Rig 105'!$B:$B,Lists!$A$36,'Rig 105'!$F:$F) -> 0 | HC8: =SUMIF('Rig 105'!$B:$B,Lists!$A$36,'Rig 105'!$G:$G) -> 0 | HD8: =SUMIF('Rig 105'!$B:$B,Lists!$A$36,'Rig 105'!$H:$H) -> 0 | HE8: =SUMIF('Rig 105'!$B:$B,Lists!$A$36,'Rig 105'!$I:$I) -> 0 | HF8: =SUMIF('Rig 105'!$B:$B,Lists!$A$37,'Rig 105'!$C:$C) -> 0 | HG8: =SUMIF('Rig 105'!$B:$B,Lists!$A$37,'Rig 105'!$E:$E) -> 0 | HH8: =SUMIF('Rig 105'!$B:$B,Lists!$A$37,'Rig 105'!$F:$F) -> 0 | HI8: =SUMIF('Rig 105'!$B:$B,Lists!$A$37,'Rig 105'!$G:$G) -> 0 | HJ8: =SUMIF('Rig 105'!$B:$B,Lists!$A$37,'Rig 105'!$H:$H) -> 0 | HK8: =SUMIF('Rig 105'!$B:$B,Lists!$A$37,'Rig 105'!$I:$I) -> 0 | HL8: =SUMIF('Rig 105'!$B:$B,Lists!$A$38,'Rig 105'!$C:$C) -> 0 | HM8: =SUMIF('Rig 105'!$B:$B,Lists!$A$38,'Rig 105'!$E:$E) -> 0 | HN8: =SUMIF('Rig 105'!$B:$B,Lists!$A$38,'Rig 105'!$F:$F) -> 0 | HO8: =SUMIF('Rig 105'!$B:$B,Lists!$A$38,'Rig 105'!$G:$G) -> 0 | HP8: =SUMIF('Rig 105'!$B:$B,Lists!$A$38,'Rig 105'!$H:$H) -> 0 | HQ8: =SUMIF('Rig 105'!$B:$B,Lists!$A$38,'Rig 105'!$I:$I) -> 0 | HR8: =SUMIF('Rig 105'!$B:$B,Lists!$A$39,'Rig 105'!$C:$C) -> 0 | HS8: =SUMIF('Rig 105'!$B:$B,Lists!$A$39,'Rig 105'!$E:$E) -> 0 | HT8: =SUMIF('Rig 105'!$B:$B,Lists!$A$39,'Rig 105'!$F:$F) -> 0 | HU8: =SUMIF('Rig 105'!$B:$B,Lists!$A$39,'Rig 105'!$G:$G) -> 0 | HV8: =SUMIF('Rig 105'!$B:$B,Lists!$A$39,'Rig 105'!$H:$H) -> 0 | HW8: =SUMIF('Rig 105'!$B:$B,Lists!$A$39,'Rig 105'!$I:$I) -> 0 | HX8: =SUMIF('Rig 105'!$B:$B,Lists!$A$40,'Rig 105'!$C:$C) -> 0 | HY8: =SUMIF('Rig 105'!$B:$B,Lists!$A$40,'Rig 105'!$E:$E) -> 0 | HZ8: =SUMIF('Rig 105'!$B:$B,Lists!$A$40,'Rig 105'!$F:$F) -> 0 | IA8: =SUMIF('Rig 105'!$B:$B,Lists!$A$40,'Rig 105'!$G:$G) -> 0 | IB8: =SUMIF('Rig 105'!$B:$B,Lists!$A$40,'Rig 105'!$H:$H) -> 0 | IC8: =SUMIF('Rig 105'!$B:$B,Lists!$A$40,'Rig 105'!$I:$I) -> 0 | ID8: =SUMIF('Rig 105'!$B:$B,Lists!$A$41,'Rig 105'!$C:$C) -> 0 | IE8: =SUMIF('Rig 105'!$B:$B,Lists!$A$41,'Rig 105'!$E:$E) -> 0 | IF8: =SUMIF('Rig 105'!$B:$B,Lists!$A$41,'Rig 105'!$F:$F) -> 0 | IG8: =SUMIF('Rig 105'!$B:$B,Lists!$A$41,'Rig 105'!$G:$G) -> 0 | IH8: =SUMIF('Rig 105'!$B:$B,Lists!$A$41,'Rig 105'!$H:$H) -> 0 | II8: =SUMIF('Rig 105'!$B:$B,Lists!$A$41,'Rig 105'!$I:$I) -> 0
A9: Rig 106 | B9: ='Rig 106'!D2 -> 46164 | C9: Joints | D9: 0 | E9: =SUMIF('Rig 106'!$B:$B,Lists!$A$2,'Rig 106'!$E:$E) -> 0 | F9: =SUMIF('Rig 106'!$B:$B,Lists!$A$2,'Rig 106'!$F:$F) -> 0 | G9: =SUMIF('Rig 106'!$B:$B,Lists!$A$2,'Rig 106'!$G:$G) -> 0 | H9: =SUMIF('Rig 106'!$B:$B,Lists!$A$2,'Rig 106'!$H:$H) -> 0 | I9: =SUMIF('Rig 106'!$B:$B,Lists!$A$2,'Rig 106'!$I:$I) -> 0 | J9: =SUMIF('Rig 106'!$B:$B,Lists!$A$3,'Rig 106'!$C:$C) -> 0 | K9: =SUMIF('Rig 106'!$B:$B,Lists!$A$3,'Rig 106'!$E:$E) -> 0 | L9: =SUMIF('Rig 106'!$B:$B,Lists!$A$3,'Rig 106'!$F:$F) -> 0 | M9: =SUMIF('Rig 106'!$B:$B,Lists!$A$3,'Rig 106'!$G:$G) -> 0 | N9: =SUMIF('Rig 106'!$B:$B,Lists!$A$3,'Rig 106'!$H:$H) -> 0 | O9: =SUMIF('Rig 106'!$B:$B,Lists!$A$3,'Rig 106'!$I:$I) -> 0 | P9: =SUMIF('Rig 106'!$B:$B,Lists!$A$4,'Rig 106'!$C:$C) -> 0 | Q9: =SUMIF('Rig 106'!$B:$B,Lists!$A$4,'Rig 106'!$E:$E) -> 0 | R9: =SUMIF('Rig 106'!$B:$B,Lists!$A$4,'Rig 106'!$F:$F) -> 0 | S9: =SUMIF('Rig 106'!$B:$B,Lists!$A$4,'Rig 106'!$G:$G) -> 0 | T9: =SUMIF('Rig 106'!$B:$B,Lists!$A$4,'Rig 106'!$H:$H) -> 0 | U9: =SUMIF('Rig 106'!$B:$B,Lists!$A$4,'Rig 106'!$I:$I) -> 0 | V9: =SUMIF('Rig 106'!$B:$B,Lists!$A$5,'Rig 106'!$C:$C) -> 0 | W9: =SUMIF('Rig 106'!$B:$B,Lists!$A$5,'Rig 106'!$E:$E) -> 0 | X9: =SUMIF('Rig 106'!$B:$B,Lists!$A$5,'Rig 106'!$F:$F) -> 0 | Y9: =SUMIF('Rig 106'!$B:$B,Lists!$A$5,'Rig 106'!$G:$G) -> 0 | Z9: =SUMIF('Rig 106'!$B:$B,Lists!$A$5,'Rig 106'!$H:$H) -> 0 | AA9: =SUMIF('Rig 106'!$B:$B,Lists!$A$5,'Rig 106'!$I:$I) -> 0 | AB9: =SUMIF('Rig 106'!$B:$B,Lists!$A$6,'Rig 106'!$C:$C) -> 0 | AC9: =SUMIF('Rig 106'!$B:$B,Lists!$A$6,'Rig 106'!$E:$E) -> 0 | AD9: =SUMIF('Rig 106'!$B:$B,Lists!$A$6,'Rig 106'!$F:$F) -> 0 | AE9: =SUMIF('Rig 106'!$B:$B,Lists!$A$6,'Rig 106'!$G:$G) -> 0 | AF9: =SUMIF('Rig 106'!$B:$B,Lists!$A$6,'Rig 106'!$H:$H) -> 0 | AG9: =SUMIF('Rig 106'!$B:$B,Lists!$A$6,'Rig 106'!$I:$I) -> 0 | AH9: =SUMIF('Rig 106'!$B:$B,Lists!$A$7,'Rig 106'!$C:$C) -> 208 | AI9: =SUMIF('Rig 106'!$B:$B,Lists!$A$7,'Rig 106'!$E:$E) -> 229 | AJ9: =SUMIF('Rig 106'!$B:$B,Lists!$A$7,'Rig 106'!$F:$F) -> 0 | AK9: =SUMIF('Rig 106'!$B:$B,Lists!$A$7,'Rig 106'!$G:$G) -> 0 | AL9: =SUMIF('Rig 106'!$B:$B,Lists!$A$7,'Rig 106'!$H:$H) -> 24 | AM9: =SUMIF('Rig 106'!$B:$B,Lists!$A$7,'Rig 106'!$I:$I) -> 0 | AN9: =SUMIF('Rig 106'!$B:$B,Lists!$A$8,'Rig 106'!$C:$C) -> 0 | AO9: =SUMIF('Rig 106'!$B:$B,Lists!$A$8,'Rig 106'!$E:$E) -> 0 | AP9: =SUMIF('Rig 106'!$B:$B,Lists!$A$8,'Rig 106'!$F:$F) -> 0 | AQ9: =SUMIF('Rig 106'!$B:$B,Lists!$A$8,'Rig 106'!$G:$G) -> 0 | AR9: =SUMIF('Rig 106'!$B:$B,Lists!$A$8,'Rig 106'!$H:$H) -> 0 | AS9: =SUMIF('Rig 106'!$B:$B,Lists!$A$8,'Rig 106'!$I:$I) -> 0 | AT9: =SUMIF('Rig 106'!$B:$B,Lists!$A$9,'Rig 106'!$C:$C) -> 0 | AU9: =SUMIF('Rig 106'!$B:$B,Lists!$A$9,'Rig 106'!$E:$E) -> 0 | AV9: =SUMIF('Rig 106'!$B:$B,Lists!$A$9,'Rig 106'!$F:$F) -> 0 | AW9: =SUMIF('Rig 106'!$B:$B,Lists!$A$9,'Rig 106'!$G:$G) -> 0 | AX9: =SUMIF('Rig 106'!$B:$B,Lists!$A$9,'Rig 106'!$H:$H) -> 0 | AY9: =SUMIF('Rig 106'!$B:$B,Lists!$A$9,'Rig 106'!$I:$I) -> 0 | AZ9: =SUMIF('Rig 106'!$B:$B,Lists!$A$10,'Rig 106'!$C:$C) -> 0 | BA9: =SUMIF('Rig 106'!$B:$B,Lists!$A$10,'Rig 106'!$E:$E) -> 0 | BB9: =SUMIF('Rig 106'!$B:$B,Lists!$A$10,'Rig 106'!$F:$F) -> 0 | BC9: =SUMIF('Rig 106'!$B:$B,Lists!$A$10,'Rig 106'!$G:$G) -> 0 | BD9: =SUMIF('Rig 106'!$B:$B,Lists!$A$10,'Rig 106'!$H:$H) -> 0 | BE9: =SUMIF('Rig 106'!$B:$B,Lists!$A$10,'Rig 106'!$I:$I) -> 0 | BF9: =SUMIF('Rig 106'!$B:$B,Lists!$A$11,'Rig 106'!$C:$C) -> 208 | BG9: =SUMIF('Rig 106'!$B:$B,Lists!$A$11,'Rig 106'!$E:$E) -> 229 | BH9: =SUMIF('Rig 106'!$B:$B,Lists!$A$11,'Rig 106'!$F:$F) -> 0 | BI9: =SUMIF('Rig 106'!$B:$B,Lists!$A$11,'Rig 106'!$G:$G) -> 0 | BJ9: =SUMIF('Rig 106'!$B:$B,Lists!$A$11,'Rig 106'!$H:$H) -> 0 | BK9: =SUMIF('Rig 106'!$B:$B,Lists!$A$11,'Rig 106'!$I:$I) -> 0 | BL9: =SUMIF('Rig 106'!$B:$B,Lists!$A$12,'Rig 106'!$C:$C) -> 0 | BM9: =SUMIF('Rig 106'!$B:$B,Lists!$A$12,'Rig 106'!$E:$E) -> 0 | BN9: =SUMIF('Rig 106'!$B:$B,Lists!$A$12,'Rig 106'!$F:$F) -> 0 | BO9: =SUMIF('Rig 106'!$B:$B,Lists!$A$12,'Rig 106'!$G:$G) -> 0 | BP9: =SUMIF('Rig 106'!$B:$B,Lists!$A$12,'Rig 106'!$H:$H) -> 0 | BQ9: =SUMIF('Rig 106'!$B:$B,Lists!$A$12,'Rig 106'!$I:$I) -> 0 | BR9: =SUMIF('Rig 106'!$B:$B,Lists!$A$13,'Rig 106'!$C:$C) -> 0 | BS9: =SUMIF('Rig 106'!$B:$B,Lists!$A$13,'Rig 106'!$E:$E) -> 0 | BT9: =SUMIF('Rig 106'!$B:$B,Lists!$A$13,'Rig 106'!$F:$F) -> 0 | BU9: =SUMIF('Rig 106'!$B:$B,Lists!$A$13,'Rig 106'!$G:$G) -> 0 | BV9: =SUMIF('Rig 106'!$B:$B,Lists!$A$13,'Rig 106'!$H:$H) -> 0 | BW9: =SUMIF('Rig 106'!$B:$B,Lists!$A$13,'Rig 106'!$I:$I) -> 0 | BX9: =SUMIF('Rig 106'!$B:$B,Lists!$A$14,'Rig 106'!$C:$C) -> 0 | BY9: =SUMIF('Rig 106'!$B:$B,Lists!$A$14,'Rig 106'!$E:$E) -> 0 | BZ9: =SUMIF('Rig 106'!$B:$B,Lists!$A$14,'Rig 106'!$F:$F) -> 0 | CA9: =SUMIF('Rig 106'!$B:$B,Lists!$A$14,'Rig 106'!$G:$G) -> 0 | CB9: =SUMIF('Rig 106'!$B:$B,Lists!$A$14,'Rig 106'!$H:$H) -> 0 | CC9: =SUMIF('Rig 106'!$B:$B,Lists!$A$14,'Rig 106'!$I:$I) -> 0 | CD9: =SUMIF('Rig 106'!$B:$B,Lists!$A$15,'Rig 106'!$C:$C) -> 0 | CE9: =SUMIF('Rig 106'!$B:$B,Lists!$A$15,'Rig 106'!$E:$E) -> 0 | CF9: =SUMIF('Rig 106'!$B:$B,Lists!$A$15,'Rig 106'!$F:$F) -> 0 | CG9: =SUMIF('Rig 106'!$B:$B,Lists!$A$15,'Rig 106'!$G:$G) -> 0 | CH9: =SUMIF('Rig 106'!$B:$B,Lists!$A$15,'Rig 106'!$H:$H) -> 0 | CI9: =SUMIF('Rig 106'!$B:$B,Lists!$A$15,'Rig 106'!$I:$I) -> 0 | CJ9: =SUMIF('Rig 106'!$B:$B,Lists!$A$16,'Rig 106'!$C:$C) -> 0 | CK9: =SUMIF('Rig 106'!$B:$B,Lists!$A$16,'Rig 106'!$E:$E) -> 0 | CL9: =SUMIF('Rig 106'!$B:$B,Lists!$A$16,'Rig 106'!$F:$F) -> 0 | CM9: =SUMIF('Rig 106'!$B:$B,Lists!$A$16,'Rig 106'!$G:$G) -> 0 | CN9: =SUMIF('Rig 106'!$B:$B,Lists!$A$16,'Rig 106'!$H:$H) -> 0 | CO9: =SUMIF('Rig 106'!$B:$B,Lists!$A$16,'Rig 106'!$I:$I) -> 0 | CP9: =SUMIF('Rig 106'!$B:$B,Lists!$A$17,'Rig 106'!$C:$C) -> 0 | CQ9: =SUMIF('Rig 106'!$B:$B,Lists!$A$17,'Rig 106'!$E:$E) -> 0 | CR9: =SUMIF('Rig 106'!$B:$B,Lists!$A$17,'Rig 106'!$F:$F) -> 0 | CS9: =SUMIF('Rig 106'!$B:$B,Lists!$A$17,'Rig 106'!$G:$G) -> 0 | CT9: =SUMIF('Rig 106'!$B:$B,Lists!$A$17,'Rig 106'!$H:$H) -> 0 | CU9: =SUMIF('Rig 106'!$B:$B,Lists!$A$17,'Rig 106'!$I:$I) -> 0 | CV9: =SUMIF('Rig 106'!$B:$B,Lists!$A$18,'Rig 106'!$C:$C) -> 42 | CW9: =SUMIF('Rig 106'!$B:$B,Lists!$A$18,'Rig 106'!$E:$E) -> 34 | CX9: =SUMIF('Rig 106'!$B:$B,Lists!$A$18,'Rig 106'!$F:$F) -> 0 | CY9: =SUMIF('Rig 106'!$B:$B,Lists!$A$18,'Rig 106'!$G:$G) -> 0 | CZ9: =SUMIF('Rig 106'!$B:$B,Lists!$A$18,'Rig 106'!$H:$H) -> 2 | DA9: =SUMIF('Rig 106'!$B:$B,Lists!$A$18,'Rig 106'!$I:$I) -> 0 | DB9: =SUMIF('Rig 106'!$B:$B,Lists!$A$19,'Rig 106'!$C:$C) -> 42 | DC9: =SUMIF('Rig 106'!$B:$B,Lists!$A$19,'Rig 106'!$E:$E) -> 36 | DD9: =SUMIF('Rig 106'!$B:$B,Lists!$A$19,'Rig 106'!$F:$F) -> 0 | DE9: =SUMIF('Rig 106'!$B:$B,Lists!$A$19,'Rig 106'!$G:$G) -> 0 | DF9: =SUMIF('Rig 106'!$B:$B,Lists!$A$19,'Rig 106'!$H:$H) -> 0 | DG9: =SUMIF('Rig 106'!$B:$B,Lists!$A$19,'Rig 106'!$I:$I) -> 0 | DH9: =SUMIF('Rig 106'!$B:$B,Lists!$A$20,'Rig 106'!$C:$C) -> 0 | DI9: =SUMIF('Rig 106'!$B:$B,Lists!$A$20,'Rig 106'!$E:$E) -> 0 | DJ9: =SUMIF('Rig 106'!$B:$B,Lists!$A$20,'Rig 106'!$F:$F) -> 0 | DK9: =SUMIF('Rig 106'!$B:$B,Lists!$A$20,'Rig 106'!$G:$G) -> 0 | DL9: =SUMIF('Rig 106'!$B:$B,Lists!$A$20,'Rig 106'!$H:$H) -> 0 | DM9: =SUMIF('Rig 106'!$B:$B,Lists!$A$20,'Rig 106'!$I:$I) -> 0 | DN9: =SUMIF('Rig 106'!$B:$B,Lists!$A$21,'Rig 106'!$C:$C) -> 0 | DO9: =SUMIF('Rig 106'!$B:$B,Lists!$A$21,'Rig 106'!$E:$E) -> 0 | DP9: =SUMIF('Rig 106'!$B:$B,Lists!$A$21,'Rig 106'!$F:$F) -> 0 | DQ9: =SUMIF('Rig 106'!$B:$B,Lists!$A$21,'Rig 106'!$G:$G) -> 0 | DR9: =SUMIF('Rig 106'!$B:$B,Lists!$A$21,'Rig 106'!$H:$H) -> 0 | DS9: =SUMIF('Rig 106'!$B:$B,Lists!$A$21,'Rig 106'!$I:$I) -> 0 | DT9: =SUMIF('Rig 106'!$B:$B,Lists!$A$22,'Rig 106'!$C:$C) -> 0 | DU9: =SUMIF('Rig 106'!$B:$B,Lists!$A$22,'Rig 106'!$E:$E) -> 0 | DV9: =SUMIF('Rig 106'!$B:$B,Lists!$A$22,'Rig 106'!$F:$F) -> 0 | DW9: =SUMIF('Rig 106'!$B:$B,Lists!$A$22,'Rig 106'!$G:$G) -> 0 | DX9: =SUMIF('Rig 106'!$B:$B,Lists!$A$22,'Rig 106'!$H:$H) -> 0 | DY9: =SUMIF('Rig 106'!$B:$B,Lists!$A$22,'Rig 106'!$I:$I) -> 0 | DZ9: =SUMIF('Rig 106'!$B:$B,Lists!$A$23,'Rig 106'!$C:$C) -> 0 | EA9: =SUMIF('Rig 106'!$B:$B,Lists!$A$23,'Rig 106'!$E:$E) -> 0 | EB9: =SUMIF('Rig 106'!$B:$B,Lists!$A$23,'Rig 106'!$F:$F) -> 0 | EC9: =SUMIF('Rig 106'!$B:$B,Lists!$A$23,'Rig 106'!$G:$G) -> 0 | ED9: =SUMIF('Rig 106'!$B:$B,Lists!$A$23,'Rig 106'!$H:$H) -> 0 | EE9: =SUMIF('Rig 106'!$B:$B,Lists!$A$23,'Rig 106'!$I:$I) -> 0 | EF9: =SUMIF('Rig 106'!$B:$B,Lists!$A$24,'Rig 106'!$C:$C) -> 30 | EG9: =SUMIF('Rig 106'!$B:$B,Lists!$A$24,'Rig 106'!$E:$E) -> 11 | EH9: =SUMIF('Rig 106'!$B:$B,Lists!$A$24,'Rig 106'!$F:$F) -> 0 | EI9: =SUMIF('Rig 106'!$B:$B,Lists!$A$24,'Rig 106'!$G:$G) -> 0 | EJ9: =SUMIF('Rig 106'!$B:$B,Lists!$A$24,'Rig 106'!$H:$H) -> 0 | EK9: =SUMIF('Rig 106'!$B:$B,Lists!$A$24,'Rig 106'!$I:$I) -> 0 | EL9: =SUMIF('Rig 106'!$B:$B,Lists!$A$25,'Rig 106'!$C:$C) -> 30 | EM9: =SUMIF('Rig 106'!$B:$B,Lists!$A$25,'Rig 106'!$E:$E) -> 24 | EN9: =SUMIF('Rig 106'!$B:$B,Lists!$A$25,'Rig 106'!$F:$F) -> 0 | EO9: =SUMIF('Rig 106'!$B:$B,Lists!$A$25,'Rig 106'!$G:$G) -> 0 | EP9: =SUMIF('Rig 106'!$B:$B,Lists!$A$25,'Rig 106'!$H:$H) -> 0 | EQ9: =SUMIF('Rig 106'!$B:$B,Lists!$A$25,'Rig 106'!$I:$I) -> 0 | ER9: =SUMIF('Rig 106'!$B:$B,Lists!$A$26,'Rig 106'!$C:$C) -> 0 | ES9: =SUMIF('Rig 106'!$B:$B,Lists!$A$26,'Rig 106'!$E:$E) -> 0 | ET9: =SUMIF('Rig 106'!$B:$B,Lists!$A$26,'Rig 106'!$F:$F) -> 0 | EU9: =SUMIF('Rig 106'!$B:$B,Lists!$A$26,'Rig 106'!$G:$G) -> 0 | EV9: =SUMIF('Rig 106'!$B:$B,Lists!$A$26,'Rig 106'!$H:$H) -> 0 | EW9: =SUMIF('Rig 106'!$B:$B,Lists!$A$26,'Rig 106'!$I:$I) -> 0 | EX9: =SUMIF('Rig 106'!$B:$B,Lists!$A$27,'Rig 106'!$C:$C) -> 0 | EY9: =SUMIF('Rig 106'!$B:$B,Lists!$A$27,'Rig 106'!$E:$E) -> 0 | EZ9: =SUMIF('Rig 106'!$B:$B,Lists!$A$27,'Rig 106'!$F:$F) -> 0 | FA9: =SUMIF('Rig 106'!$B:$B,Lists!$A$27,'Rig 106'!$G:$G) -> 0 | FB9: =SUMIF('Rig 106'!$B:$B,Lists!$A$27,'Rig 106'!$H:$H) -> 0 | FC9: =SUMIF('Rig 106'!$B:$B,Lists!$A$27,'Rig 106'!$I:$I) -> 0 | FD9: =SUMIF('Rig 106'!$B:$B,Lists!$A$28,'Rig 106'!$C:$C) -> 0 | FE9: =SUMIF('Rig 106'!$B:$B,Lists!$A$28,'Rig 106'!$E:$E) -> 0 | FF9: =SUMIF('Rig 106'!$B:$B,Lists!$A$28,'Rig 106'!$F:$F) -> 0 | FG9: =SUMIF('Rig 106'!$B:$B,Lists!$A$28,'Rig 106'!$G:$G) -> 0 | FH9: =SUMIF('Rig 106'!$B:$B,Lists!$A$28,'Rig 106'!$H:$H) -> 0 | FI9: =SUMIF('Rig 106'!$B:$B,Lists!$A$28,'Rig 106'!$I:$I) -> 0 | FJ9: =SUMIF('Rig 106'!$B:$B,Lists!$A$29,'Rig 106'!$C:$C) -> 20 | FK9: =SUMIF('Rig 106'!$B:$B,Lists!$A$29,'Rig 106'!$E:$E) -> 18 | FL9: =SUMIF('Rig 106'!$B:$B,Lists!$A$29,'Rig 106'!$F:$F) -> 0 | FM9: =SUMIF('Rig 106'!$B:$B,Lists!$A$29,'Rig 106'!$G:$G) -> 0 | FN9: =SUMIF('Rig 106'!$B:$B,Lists!$A$29,'Rig 106'!$H:$H) -> 0 | FO9: =SUMIF('Rig 106'!$B:$B,Lists!$A$29,'Rig 106'!$I:$I) -> 0 | FP9: =SUMIF('Rig 106'!$B:$B,Lists!$A$30,'Rig 106'!$C:$C) -> 0 | FQ9: =SUMIF('Rig 106'!$B:$B,Lists!$A$30,'Rig 106'!$E:$E) -> 0 | FR9: =SUMIF('Rig 106'!$B:$B,Lists!$A$30,'Rig 106'!$F:$F) -> 0 | FS9: =SUMIF('Rig 106'!$B:$B,Lists!$A$30,'Rig 106'!$G:$G) -> 0 | FT9: =SUMIF('Rig 106'!$B:$B,Lists!$A$30,'Rig 106'!$H:$H) -> 0 | FU9: =SUMIF('Rig 106'!$B:$B,Lists!$A$30,'Rig 106'!$I:$I) -> 0 | FV9: =SUMIF('Rig 106'!$B:$B,Lists!$A$31,'Rig 106'!$C:$C) -> 0 | FW9: =SUMIF('Rig 106'!$B:$B,Lists!$A$31,'Rig 106'!$E:$E) -> 0 | FX9: =SUMIF('Rig 106'!$B:$B,Lists!$A$31,'Rig 106'!$F:$F) -> 0 | FY9: =SUMIF('Rig 106'!$B:$B,Lists!$A$31,'Rig 106'!$G:$G) -> 0 | FZ9: =SUMIF('Rig 106'!$B:$B,Lists!$A$31,'Rig 106'!$H:$H) -> 0 | GA9: =SUMIF('Rig 106'!$B:$B,Lists!$A$31,'Rig 106'!$I:$I) -> 0 | GB9: =SUMIF('Rig 106'!$B:$B,Lists!$A$32,'Rig 106'!$C:$C) -> 0 | GC9: =SUMIF('Rig 106'!$B:$B,Lists!$A$32,'Rig 106'!$E:$E) -> 0 | GD9: =SUMIF('Rig 106'!$B:$B,Lists!$A$32,'Rig 106'!$F:$F) -> 0 | GE9: =SUMIF('Rig 106'!$B:$B,Lists!$A$32,'Rig 106'!$G:$G) -> 0 | GF9: =SUMIF('Rig 106'!$B:$B,Lists!$A$32,'Rig 106'!$H:$H) -> 0 | GG9: =SUMIF('Rig 106'!$B:$B,Lists!$A$32,'Rig 106'!$I:$I) -> 0 | GH9: =SUMIF('Rig 106'!$B:$B,Lists!$A$33,'Rig 106'!$C:$C) -> 0 | GI9: =SUMIF('Rig 106'!$B:$B,Lists!$A$33,'Rig 106'!$E:$E) -> 0 | GJ9: =SUMIF('Rig 106'!$B:$B,Lists!$A$33,'Rig 106'!$F:$F) -> 0 | GK9: =SUMIF('Rig 106'!$B:$B,Lists!$A$33,'Rig 106'!$G:$G) -> 0 | GL9: =SUMIF('Rig 106'!$B:$B,Lists!$A$33,'Rig 106'!$H:$H) -> 0 | GM9: =SUMIF('Rig 106'!$B:$B,Lists!$A$33,'Rig 106'!$I:$I) -> 0 | GN9: =SUMIF('Rig 106'!$B:$B,Lists!$A$34,'Rig 106'!$C:$C) -> 0 | GO9: =SUMIF('Rig 106'!$B:$B,Lists!$A$34,'Rig 106'!$E:$E) -> 0 | GP9: =SUMIF('Rig 106'!$B:$B,Lists!$A$34,'Rig 106'!$F:$F) -> 0 | GQ9: =SUMIF('Rig 106'!$B:$B,Lists!$A$34,'Rig 106'!$G:$G) -> 0 | GR9: =SUMIF('Rig 106'!$B:$B,Lists!$A$34,'Rig 106'!$H:$H) -> 0 | GS9: =SUMIF('Rig 106'!$B:$B,Lists!$A$34,'Rig 106'!$I:$I) -> 0 | GT9: =SUMIF('Rig 106'!$B:$B,Lists!$A$35,'Rig 106'!$C:$C) -> 0 | GU9: =SUMIF('Rig 106'!$B:$B,Lists!$A$35,'Rig 106'!$E:$E) -> 2 | GV9: =SUMIF('Rig 106'!$B:$B,Lists!$A$35,'Rig 106'!$F:$F) -> 0 | GW9: =SUMIF('Rig 106'!$B:$B,Lists!$A$35,'Rig 106'!$G:$G) -> 0 | GX9: =SUMIF('Rig 106'!$B:$B,Lists!$A$35,'Rig 106'!$H:$H) -> 0 | GY9: =SUMIF('Rig 106'!$B:$B,Lists!$A$35,'Rig 106'!$I:$I) -> 0 | GZ9: =SUMIF('Rig 106'!$B:$B,Lists!$A$36,'Rig 106'!$C:$C) -> 0 | HA9: =SUMIF('Rig 106'!$B:$B,Lists!$A$36,'Rig 106'!$E:$E) -> 0 | HB9: =SUMIF('Rig 106'!$B:$B,Lists!$A$36,'Rig 106'!$F:$F) -> 0 | HC9: =SUMIF('Rig 106'!$B:$B,Lists!$A$36,'Rig 106'!$G:$G) -> 0 | HD9: =SUMIF('Rig 106'!$B:$B,Lists!$A$36,'Rig 106'!$H:$H) -> 0 | HE9: =SUMIF('Rig 106'!$B:$B,Lists!$A$36,'Rig 106'!$I:$I) -> 0 | HF9: =SUMIF('Rig 106'!$B:$B,Lists!$A$37,'Rig 106'!$C:$C) -> 0 | HG9: =SUMIF('Rig 106'!$B:$B,Lists!$A$37,'Rig 106'!$E:$E) -> 4 | HH9: =SUMIF('Rig 106'!$B:$B,Lists!$A$37,'Rig 106'!$F:$F) -> 0 | HI9: =SUMIF('Rig 106'!$B:$B,Lists!$A$37,'Rig 106'!$G:$G) -> 0 | HJ9: =SUMIF('Rig 106'!$B:$B,Lists!$A$37,'Rig 106'!$H:$H) -> 0 | HK9: =SUMIF('Rig 106'!$B:$B,Lists!$A$37,'Rig 106'!$I:$I) -> 0 | HL9: =SUMIF('Rig 106'!$B:$B,Lists!$A$38,'Rig 106'!$C:$C) -> 0 | HM9: =SUMIF('Rig 106'!$B:$B,Lists!$A$38,'Rig 106'!$E:$E) -> 0 | HN9: =SUMIF('Rig 106'!$B:$B,Lists!$A$38,'Rig 106'!$F:$F) -> 0 | HO9: =SUMIF('Rig 106'!$B:$B,Lists!$A$38,'Rig 106'!$G:$G) -> 0 | HP9: =SUMIF('Rig 106'!$B:$B,Lists!$A$38,'Rig 106'!$H:$H) -> 0 | HQ9: =SUMIF('Rig 106'!$B:$B,Lists!$A$38,'Rig 106'!$I:$I) -> 0 | HR9: =SUMIF('Rig 106'!$B:$B,Lists!$A$39,'Rig 106'!$C:$C) -> 6 | HS9: =SUMIF('Rig 106'!$B:$B,Lists!$A$39,'Rig 106'!$E:$E) -> 8 | HT9: =SUMIF('Rig 106'!$B:$B,Lists!$A$39,'Rig 106'!$F:$F) -> 0 | HU9: =SUMIF('Rig 106'!$B:$B,Lists!$A$39,'Rig 106'!$G:$G) -> 0 | HV9: =SUMIF('Rig 106'!$B:$B,Lists!$A$39,'Rig 106'!$H:$H) -> 0 | HW9: =SUMIF('Rig 106'!$B:$B,Lists!$A$39,'Rig 106'!$I:$I) -> 0 | HX9: =SUMIF('Rig 106'!$B:$B,Lists!$A$40,'Rig 106'!$C:$C) -> 0 | HY9: =SUMIF('Rig 106'!$B:$B,Lists!$A$40,'Rig 106'!$E:$E) -> 0 | HZ9: =SUMIF('Rig 106'!$B:$B,Lists!$A$40,'Rig 106'!$F:$F) -> 0 | IA9: =SUMIF('Rig 106'!$B:$B,Lists!$A$40,'Rig 106'!$G:$G) -> 0 | IB9: =SUMIF('Rig 106'!$B:$B,Lists!$A$40,'Rig 106'!$H:$H) -> 0 | IC9: =SUMIF('Rig 106'!$B:$B,Lists!$A$40,'Rig 106'!$I:$I) -> 0 | ID9: =SUMIF('Rig 106'!$B:$B,Lists!$A$41,'Rig 106'!$C:$C) -> 0 | IE9: =SUMIF('Rig 106'!$B:$B,Lists!$A$41,'Rig 106'!$E:$E) -> 0 | IF9: =SUMIF('Rig 106'!$B:$B,Lists!$A$41,'Rig 106'!$F:$F) -> 0 | IG9: =SUMIF('Rig 106'!$B:$B,Lists!$A$41,'Rig 106'!$G:$G) -> 0 | IH9: =SUMIF('Rig 106'!$B:$B,Lists!$A$41,'Rig 106'!$H:$H) -> 0 | II9: =SUMIF('Rig 106'!$B:$B,Lists!$A$41,'Rig 106'!$I:$I) -> 0
A10: Rig 107 | B10: ='Rig 107'!D2 -> 46163 | C10: Joints | D10: =SUMIF('Rig 107'!$B:$B,Lists!$A$2,'Rig 107'!$C:$C) -> 0 | E10: =SUMIF('Rig 107'!$B:$B,Lists!$A$2,'Rig 107'!$E:$E) -> 0 | F10: =SUMIF('Rig 107'!$B:$B,Lists!$A$2,'Rig 107'!$F:$F) -> 0 | G10: =SUMIF('Rig 107'!$B:$B,Lists!$A$2,'Rig 107'!$G:$G) -> 0 | H10: =SUMIF('Rig 107'!$B:$B,Lists!$A$2,'Rig 107'!$H:$H) -> 0 | I10: =SUMIF('Rig 107'!$B:$B,Lists!$A$2,'Rig 107'!$I:$I) -> 0 | J10: =SUMIF('Rig 107'!$B:$B,Lists!$A$3,'Rig 107'!$C:$C) -> 0 | K10: =SUMIF('Rig 107'!$B:$B,Lists!$A$3,'Rig 107'!$E:$E) -> 0 | L10: =SUMIF('Rig 107'!$B:$B,Lists!$A$3,'Rig 107'!$F:$F) -> 0 | M10: =SUMIF('Rig 107'!$B:$B,Lists!$A$3,'Rig 107'!$G:$G) -> 0 | N10: =SUMIF('Rig 107'!$B:$B,Lists!$A$3,'Rig 107'!$H:$H) -> 0 | O10: =SUMIF('Rig 107'!$B:$B,Lists!$A$3,'Rig 107'!$I:$I) -> 0 | P10: =SUMIF('Rig 107'!$B:$B,Lists!$A$4,'Rig 107'!$C:$C) -> 0 | Q10: =SUMIF('Rig 107'!$B:$B,Lists!$A$4,'Rig 107'!$E:$E) -> 0 | R10: =SUMIF('Rig 107'!$B:$B,Lists!$A$4,'Rig 107'!$F:$F) -> 0 | S10: =SUMIF('Rig 107'!$B:$B,Lists!$A$4,'Rig 107'!$G:$G) -> 0 | T10: =SUMIF('Rig 107'!$B:$B,Lists!$A$4,'Rig 107'!$H:$H) -> 0 | U10: =SUMIF('Rig 107'!$B:$B,Lists!$A$4,'Rig 107'!$I:$I) -> 0 | V10: =SUMIF('Rig 107'!$B:$B,Lists!$A$5,'Rig 107'!$C:$C) -> 0 | W10: =SUMIF('Rig 107'!$B:$B,Lists!$A$5,'Rig 107'!$E:$E) -> 0 | X10: =SUMIF('Rig 107'!$B:$B,Lists!$A$5,'Rig 107'!$F:$F) -> 0 | Y10: =SUMIF('Rig 107'!$B:$B,Lists!$A$5,'Rig 107'!$G:$G) -> 0 | Z10: =SUMIF('Rig 107'!$B:$B,Lists!$A$5,'Rig 107'!$H:$H) -> 0 | AA10: =SUMIF('Rig 107'!$B:$B,Lists!$A$5,'Rig 107'!$I:$I) -> 0 | AB10: =SUMIF('Rig 107'!$B:$B,Lists!$A$6,'Rig 107'!$C:$C) -> 0 | AC10: =SUMIF('Rig 107'!$B:$B,Lists!$A$6,'Rig 107'!$E:$E) -> 0 | AD10: =SUMIF('Rig 107'!$B:$B,Lists!$A$6,'Rig 107'!$F:$F) -> 0 | AE10: =SUMIF('Rig 107'!$B:$B,Lists!$A$6,'Rig 107'!$G:$G) -> 0 | AF10: =SUMIF('Rig 107'!$B:$B,Lists!$A$6,'Rig 107'!$H:$H) -> 0 | AG10: =SUMIF('Rig 107'!$B:$B,Lists!$A$6,'Rig 107'!$I:$I) -> 0 | AH10: =SUMIF('Rig 107'!$B:$B,Lists!$A$7,'Rig 107'!$C:$C) -> 313 | AI10: =SUMIF('Rig 107'!$B:$B,Lists!$A$7,'Rig 107'!$E:$E) -> 298 | AJ10: =SUMIF('Rig 107'!$B:$B,Lists!$A$7,'Rig 107'!$F:$F) -> 0 | AK10: =SUMIF('Rig 107'!$B:$B,Lists!$A$7,'Rig 107'!$G:$G) -> 0 | AL10: =SUMIF('Rig 107'!$B:$B,Lists!$A$7,'Rig 107'!$H:$H) -> 13 | AM10: =SUMIF('Rig 107'!$B:$B,Lists!$A$7,'Rig 107'!$I:$I) -> 0 | AN10: =SUMIF('Rig 107'!$B:$B,Lists!$A$8,'Rig 107'!$C:$C) -> 0 | AO10: =SUMIF('Rig 107'!$B:$B,Lists!$A$8,'Rig 107'!$E:$E) -> 0 | AP10: =SUMIF('Rig 107'!$B:$B,Lists!$A$8,'Rig 107'!$F:$F) -> 0 | AQ10: =SUMIF('Rig 107'!$B:$B,Lists!$A$8,'Rig 107'!$G:$G) -> 0 | AR10: =SUMIF('Rig 107'!$B:$B,Lists!$A$8,'Rig 107'!$H:$H) -> 0 | AS10: =SUMIF('Rig 107'!$B:$B,Lists!$A$8,'Rig 107'!$I:$I) -> 0 | AT10: =SUMIF('Rig 107'!$B:$B,Lists!$A$9,'Rig 107'!$C:$C) -> 0 | AU10: =SUMIF('Rig 107'!$B:$B,Lists!$A$9,'Rig 107'!$E:$E) -> 0 | AV10: =SUMIF('Rig 107'!$B:$B,Lists!$A$9,'Rig 107'!$F:$F) -> 0 | AW10: =SUMIF('Rig 107'!$B:$B,Lists!$A$9,'Rig 107'!$G:$G) -> 0 | AX10: =SUMIF('Rig 107'!$B:$B,Lists!$A$9,'Rig 107'!$H:$H) -> 0 | AY10: =SUMIF('Rig 107'!$B:$B,Lists!$A$9,'Rig 107'!$I:$I) -> 0 | AZ10: =SUMIF('Rig 107'!$B:$B,Lists!$A$10,'Rig 107'!$C:$C) -> 0 | BA10: =SUMIF('Rig 107'!$B:$B,Lists!$A$10,'Rig 107'!$E:$E) -> 0 | BB10: =SUMIF('Rig 107'!$B:$B,Lists!$A$10,'Rig 107'!$F:$F) -> 0 | BC10: =SUMIF('Rig 107'!$B:$B,Lists!$A$10,'Rig 107'!$G:$G) -> 0 | BD10: =SUMIF('Rig 107'!$B:$B,Lists!$A$10,'Rig 107'!$H:$H) -> 0 | BE10: =SUMIF('Rig 107'!$B:$B,Lists!$A$10,'Rig 107'!$I:$I) -> 0 | BF10: =SUMIF('Rig 107'!$B:$B,Lists!$A$11,'Rig 107'!$C:$C) -> 313 | BG10: =SUMIF('Rig 107'!$B:$B,Lists!$A$11,'Rig 107'!$E:$E) -> 210 | BH10: =SUMIF('Rig 107'!$B:$B,Lists!$A$11,'Rig 107'!$F:$F) -> 0 | BI10: =SUMIF('Rig 107'!$B:$B,Lists!$A$11,'Rig 107'!$G:$G) -> 0 | BJ10: =SUMIF('Rig 107'!$B:$B,Lists!$A$11,'Rig 107'!$H:$H) -> 0 | BK10: =SUMIF('Rig 107'!$B:$B,Lists!$A$11,'Rig 107'!$I:$I) -> 0 | BL10: =SUMIF('Rig 107'!$B:$B,Lists!$A$12,'Rig 107'!$C:$C) -> 0 | BM10: =SUMIF('Rig 107'!$B:$B,Lists!$A$12,'Rig 107'!$E:$E) -> 0 | BN10: =SUMIF('Rig 107'!$B:$B,Lists!$A$12,'Rig 107'!$F:$F) -> 0 | BO10: =SUMIF('Rig 107'!$B:$B,Lists!$A$12,'Rig 107'!$G:$G) -> 0 | BP10: =SUMIF('Rig 107'!$B:$B,Lists!$A$12,'Rig 107'!$H:$H) -> 0 | BQ10: =SUMIF('Rig 107'!$B:$B,Lists!$A$12,'Rig 107'!$I:$I) -> 0 | BR10: =SUMIF('Rig 107'!$B:$B,Lists!$A$13,'Rig 107'!$C:$C) -> 0 | BS10: =SUMIF('Rig 107'!$B:$B,Lists!$A$13,'Rig 107'!$E:$E) -> 0 | BT10: =SUMIF('Rig 107'!$B:$B,Lists!$A$13,'Rig 107'!$F:$F) -> 0 | BU10: =SUMIF('Rig 107'!$B:$B,Lists!$A$13,'Rig 107'!$G:$G) -> 0 | BV10: =SUMIF('Rig 107'!$B:$B,Lists!$A$13,'Rig 107'!$H:$H) -> 0 | BW10: =SUMIF('Rig 107'!$B:$B,Lists!$A$13,'Rig 107'!$I:$I) -> 0 | BX10: =SUMIF('Rig 107'!$B:$B,Lists!$A$14,'Rig 107'!$C:$C) -> 0 | BY10: =SUMIF('Rig 107'!$B:$B,Lists!$A$14,'Rig 107'!$E:$E) -> 0 | BZ10: =SUMIF('Rig 107'!$B:$B,Lists!$A$14,'Rig 107'!$F:$F) -> 0 | CA10: =SUMIF('Rig 107'!$B:$B,Lists!$A$14,'Rig 107'!$G:$G) -> 0 | CB10: =SUMIF('Rig 107'!$B:$B,Lists!$A$14,'Rig 107'!$H:$H) -> 0 | CC10: =SUMIF('Rig 107'!$B:$B,Lists!$A$14,'Rig 107'!$I:$I) -> 0 | CD10: =SUMIF('Rig 107'!$B:$B,Lists!$A$15,'Rig 107'!$C:$C) -> 0 | CE10: =SUMIF('Rig 107'!$B:$B,Lists!$A$15,'Rig 107'!$E:$E) -> 0 | CF10: =SUMIF('Rig 107'!$B:$B,Lists!$A$15,'Rig 107'!$F:$F) -> 0 | CG10: =SUMIF('Rig 107'!$B:$B,Lists!$A$15,'Rig 107'!$G:$G) -> 0 | CH10: =SUMIF('Rig 107'!$B:$B,Lists!$A$15,'Rig 107'!$H:$H) -> 0 | CI10: =SUMIF('Rig 107'!$B:$B,Lists!$A$15,'Rig 107'!$I:$I) -> 0 | CJ10: =SUMIF('Rig 107'!$B:$B,Lists!$A$16,'Rig 107'!$C:$C) -> 0 | CK10: =SUMIF('Rig 107'!$B:$B,Lists!$A$16,'Rig 107'!$E:$E) -> 0 | CL10: =SUMIF('Rig 107'!$B:$B,Lists!$A$16,'Rig 107'!$F:$F) -> 0 | CM10: =SUMIF('Rig 107'!$B:$B,Lists!$A$16,'Rig 107'!$G:$G) -> 0 | CN10: =SUMIF('Rig 107'!$B:$B,Lists!$A$16,'Rig 107'!$H:$H) -> 0 | CO10: =SUMIF('Rig 107'!$B:$B,Lists!$A$16,'Rig 107'!$I:$I) -> 0 | CP10: =SUMIF('Rig 107'!$B:$B,Lists!$A$17,'Rig 107'!$C:$C) -> 0 | CQ10: =SUMIF('Rig 107'!$B:$B,Lists!$A$17,'Rig 107'!$E:$E) -> 0 | CR10: =SUMIF('Rig 107'!$B:$B,Lists!$A$17,'Rig 107'!$F:$F) -> 0 | CS10: =SUMIF('Rig 107'!$B:$B,Lists!$A$17,'Rig 107'!$G:$G) -> 0 | CT10: =SUMIF('Rig 107'!$B:$B,Lists!$A$17,'Rig 107'!$H:$H) -> 0 | CU10: =SUMIF('Rig 107'!$B:$B,Lists!$A$17,'Rig 107'!$I:$I) -> 0 | CV10: =SUMIF('Rig 107'!$B:$B,Lists!$A$18,'Rig 107'!$C:$C) -> 42 | CW10: =SUMIF('Rig 107'!$B:$B,Lists!$A$18,'Rig 107'!$E:$E) -> 42 | CX10: =SUMIF('Rig 107'!$B:$B,Lists!$A$18,'Rig 107'!$F:$F) -> 0 | CY10: =SUMIF('Rig 107'!$B:$B,Lists!$A$18,'Rig 107'!$G:$G) -> 0 | CZ10: =SUMIF('Rig 107'!$B:$B,Lists!$A$18,'Rig 107'!$H:$H) -> 0 | DA10: =SUMIF('Rig 107'!$B:$B,Lists!$A$18,'Rig 107'!$I:$I) -> 0 | DB10: =SUMIF('Rig 107'!$B:$B,Lists!$A$19,'Rig 107'!$C:$C) -> 42 | DC10: =SUMIF('Rig 107'!$B:$B,Lists!$A$19,'Rig 107'!$E:$E) -> 47 | DD10: =SUMIF('Rig 107'!$B:$B,Lists!$A$19,'Rig 107'!$F:$F) -> 0 | DE10: =SUMIF('Rig 107'!$B:$B,Lists!$A$19,'Rig 107'!$G:$G) -> 0 | DF10: =SUMIF('Rig 107'!$B:$B,Lists!$A$19,'Rig 107'!$H:$H) -> 0 | DG10: =SUMIF('Rig 107'!$B:$B,Lists!$A$19,'Rig 107'!$I:$I) -> 0 | DH10: =SUMIF('Rig 107'!$B:$B,Lists!$A$20,'Rig 107'!$C:$C) -> 0 | DI10: =SUMIF('Rig 107'!$B:$B,Lists!$A$20,'Rig 107'!$E:$E) -> 0 | DJ10: =SUMIF('Rig 107'!$B:$B,Lists!$A$20,'Rig 107'!$F:$F) -> 0 | DK10: =SUMIF('Rig 107'!$B:$B,Lists!$A$20,'Rig 107'!$G:$G) -> 0 | DL10: =SUMIF('Rig 107'!$B:$B,Lists!$A$20,'Rig 107'!$H:$H) -> 0 | DM10: =SUMIF('Rig 107'!$B:$B,Lists!$A$20,'Rig 107'!$I:$I) -> 0 | DN10: =SUMIF('Rig 107'!$B:$B,Lists!$A$21,'Rig 107'!$C:$C) -> 0 | DO10: =SUMIF('Rig 107'!$B:$B,Lists!$A$21,'Rig 107'!$E:$E) -> 0 | DP10: =SUMIF('Rig 107'!$B:$B,Lists!$A$21,'Rig 107'!$F:$F) -> 0 | DQ10: =SUMIF('Rig 107'!$B:$B,Lists!$A$21,'Rig 107'!$G:$G) -> 0 | DR10: =SUMIF('Rig 107'!$B:$B,Lists!$A$21,'Rig 107'!$H:$H) -> 0 | DS10: =SUMIF('Rig 107'!$B:$B,Lists!$A$21,'Rig 107'!$I:$I) -> 0 | DT10: =SUMIF('Rig 107'!$B:$B,Lists!$A$22,'Rig 107'!$C:$C) -> 0 | DU10: =SUMIF('Rig 107'!$B:$B,Lists!$A$22,'Rig 107'!$E:$E) -> 0 | DV10: =SUMIF('Rig 107'!$B:$B,Lists!$A$22,'Rig 107'!$F:$F) -> 0 | DW10: =SUMIF('Rig 107'!$B:$B,Lists!$A$22,'Rig 107'!$G:$G) -> 0 | DX10: =SUMIF('Rig 107'!$B:$B,Lists!$A$22,'Rig 107'!$H:$H) -> 0 | DY10: =SUMIF('Rig 107'!$B:$B,Lists!$A$22,'Rig 107'!$I:$I) -> 0 | DZ10: =SUMIF('Rig 107'!$B:$B,Lists!$A$23,'Rig 107'!$C:$C) -> 0 | EA10: =SUMIF('Rig 107'!$B:$B,Lists!$A$23,'Rig 107'!$E:$E) -> 0 | EB10: =SUMIF('Rig 107'!$B:$B,Lists!$A$23,'Rig 107'!$F:$F) -> 0 | EC10: =SUMIF('Rig 107'!$B:$B,Lists!$A$23,'Rig 107'!$G:$G) -> 0 | ED10: =SUMIF('Rig 107'!$B:$B,Lists!$A$23,'Rig 107'!$H:$H) -> 0 | EE10: =SUMIF('Rig 107'!$B:$B,Lists!$A$23,'Rig 107'!$I:$I) -> 0 | EF10: =SUMIF('Rig 107'!$B:$B,Lists!$A$24,'Rig 107'!$C:$C) -> 30 | EG10: =SUMIF('Rig 107'!$B:$B,Lists!$A$24,'Rig 107'!$E:$E) -> 21 | EH10: =SUMIF('Rig 107'!$B:$B,Lists!$A$24,'Rig 107'!$F:$F) -> 0 | EI10: =SUMIF('Rig 107'!$B:$B,Lists!$A$24,'Rig 107'!$G:$G) -> 0 | EJ10: =SUMIF('Rig 107'!$B:$B,Lists!$A$24,'Rig 107'!$H:$H) -> 0 | EK10: =SUMIF('Rig 107'!$B:$B,Lists!$A$24,'Rig 107'!$I:$I) -> 0 | EL10: =SUMIF('Rig 107'!$B:$B,Lists!$A$25,'Rig 107'!$C:$C) -> 30 | EM10: =SUMIF('Rig 107'!$B:$B,Lists!$A$25,'Rig 107'!$E:$E) -> 20 | EN10: =SUMIF('Rig 107'!$B:$B,Lists!$A$25,'Rig 107'!$F:$F) -> 0 | EO10: =SUMIF('Rig 107'!$B:$B,Lists!$A$25,'Rig 107'!$G:$G) -> 0 | EP10: =SUMIF('Rig 107'!$B:$B,Lists!$A$25,'Rig 107'!$H:$H) -> 0 | EQ10: =SUMIF('Rig 107'!$B:$B,Lists!$A$25,'Rig 107'!$I:$I) -> 0 | ER10: =SUMIF('Rig 107'!$B:$B,Lists!$A$26,'Rig 107'!$C:$C) -> 0 | ES10: =SUMIF('Rig 107'!$B:$B,Lists!$A$26,'Rig 107'!$E:$E) -> 0 | ET10: =SUMIF('Rig 107'!$B:$B,Lists!$A$26,'Rig 107'!$F:$F) -> 0 | EU10: =SUMIF('Rig 107'!$B:$B,Lists!$A$26,'Rig 107'!$G:$G) -> 0 | EV10: =SUMIF('Rig 107'!$B:$B,Lists!$A$26,'Rig 107'!$H:$H) -> 0 | EW10: =SUMIF('Rig 107'!$B:$B,Lists!$A$26,'Rig 107'!$I:$I) -> 0 | EX10: =SUMIF('Rig 107'!$B:$B,Lists!$A$27,'Rig 107'!$C:$C) -> 0 | EY10: =SUMIF('Rig 107'!$B:$B,Lists!$A$27,'Rig 107'!$E:$E) -> 0 | EZ10: =SUMIF('Rig 107'!$B:$B,Lists!$A$27,'Rig 107'!$F:$F) -> 0 | FA10: =SUMIF('Rig 107'!$B:$B,Lists!$A$27,'Rig 107'!$G:$G) -> 0 | FB10: =SUMIF('Rig 107'!$B:$B,Lists!$A$27,'Rig 107'!$H:$H) -> 0 | FC10: =SUMIF('Rig 107'!$B:$B,Lists!$A$27,'Rig 107'!$I:$I) -> 0 | FD10: =SUMIF('Rig 107'!$B:$B,Lists!$A$28,'Rig 107'!$C:$C) -> 0 | FE10: =SUMIF('Rig 107'!$B:$B,Lists!$A$28,'Rig 107'!$E:$E) -> 0 | FF10: =SUMIF('Rig 107'!$B:$B,Lists!$A$28,'Rig 107'!$F:$F) -> 0 | FG10: =SUMIF('Rig 107'!$B:$B,Lists!$A$28,'Rig 107'!$G:$G) -> 0 | FH10: =SUMIF('Rig 107'!$B:$B,Lists!$A$28,'Rig 107'!$H:$H) -> 0 | FI10: =SUMIF('Rig 107'!$B:$B,Lists!$A$28,'Rig 107'!$I:$I) -> 0 | FJ10: =SUMIF('Rig 107'!$B:$B,Lists!$A$29,'Rig 107'!$C:$C) -> 20 | FK10: =SUMIF('Rig 107'!$B:$B,Lists!$A$29,'Rig 107'!$E:$E) -> 20 | FL10: =SUMIF('Rig 107'!$B:$B,Lists!$A$29,'Rig 107'!$F:$F) -> 0 | FM10: =SUMIF('Rig 107'!$B:$B,Lists!$A$29,'Rig 107'!$G:$G) -> 0 | FN10: =SUMIF('Rig 107'!$B:$B,Lists!$A$29,'Rig 107'!$H:$H) -> 0 | FO10: =SUMIF('Rig 107'!$B:$B,Lists!$A$29,'Rig 107'!$I:$I) -> 0 | FP10: =SUMIF('Rig 107'!$B:$B,Lists!$A$30,'Rig 107'!$C:$C) -> 0 | FQ10: =SUMIF('Rig 107'!$B:$B,Lists!$A$30,'Rig 107'!$E:$E) -> 0 | FR10: =SUMIF('Rig 107'!$B:$B,Lists!$A$30,'Rig 107'!$F:$F) -> 0 | FS10: =SUMIF('Rig 107'!$B:$B,Lists!$A$30,'Rig 107'!$G:$G) -> 0 | FT10: =SUMIF('Rig 107'!$B:$B,Lists!$A$30,'Rig 107'!$H:$H) -> 0 | FU10: =SUMIF('Rig 107'!$B:$B,Lists!$A$30,'Rig 107'!$I:$I) -> 0 | FV10: =SUMIF('Rig 107'!$B:$B,Lists!$A$31,'Rig 107'!$C:$C) -> 0 | FW10: =SUMIF('Rig 107'!$B:$B,Lists!$A$31,'Rig 107'!$E:$E) -> 0 | FX10: =SUMIF('Rig 107'!$B:$B,Lists!$A$31,'Rig 107'!$F:$F) -> 0 | FY10: =SUMIF('Rig 107'!$B:$B,Lists!$A$31,'Rig 107'!$G:$G) -> 0 | FZ10: =SUMIF('Rig 107'!$B:$B,Lists!$A$31,'Rig 107'!$H:$H) -> 0 | GA10: =SUMIF('Rig 107'!$B:$B,Lists!$A$31,'Rig 107'!$I:$I) -> 0 | GB10: =SUMIF('Rig 107'!$B:$B,Lists!$A$32,'Rig 107'!$C:$C) -> 0 | GC10: =SUMIF('Rig 107'!$B:$B,Lists!$A$32,'Rig 107'!$E:$E) -> 0 | GD10: =SUMIF('Rig 107'!$B:$B,Lists!$A$32,'Rig 107'!$F:$F) -> 0 | GE10: =SUMIF('Rig 107'!$B:$B,Lists!$A$32,'Rig 107'!$G:$G) -> 0 | GF10: =SUMIF('Rig 107'!$B:$B,Lists!$A$32,'Rig 107'!$H:$H) -> 0 | GG10: =SUMIF('Rig 107'!$B:$B,Lists!$A$32,'Rig 107'!$I:$I) -> 0 | GH10: =SUMIF('Rig 107'!$B:$B,Lists!$A$33,'Rig 107'!$C:$C) -> 0 | GI10: =SUMIF('Rig 107'!$B:$B,Lists!$A$33,'Rig 107'!$E:$E) -> 6 | GJ10: =SUMIF('Rig 107'!$B:$B,Lists!$A$33,'Rig 107'!$F:$F) -> 0 | GK10: =SUMIF('Rig 107'!$B:$B,Lists!$A$33,'Rig 107'!$G:$G) -> 0 | GL10: =SUMIF('Rig 107'!$B:$B,Lists!$A$33,'Rig 107'!$H:$H) -> 0 | GM10: =SUMIF('Rig 107'!$B:$B,Lists!$A$33,'Rig 107'!$I:$I) -> 0 | GN10: =SUMIF('Rig 107'!$B:$B,Lists!$A$34,'Rig 107'!$C:$C) -> 0 | GO10: =SUMIF('Rig 107'!$B:$B,Lists!$A$34,'Rig 107'!$E:$E) -> 0 | GP10: =SUMIF('Rig 107'!$B:$B,Lists!$A$34,'Rig 107'!$F:$F) -> 0 | GQ10: =SUMIF('Rig 107'!$B:$B,Lists!$A$34,'Rig 107'!$G:$G) -> 0 | GR10: =SUMIF('Rig 107'!$B:$B,Lists!$A$34,'Rig 107'!$H:$H) -> 0 | GS10: =SUMIF('Rig 107'!$B:$B,Lists!$A$34,'Rig 107'!$I:$I) -> 0 | GT10: =SUMIF('Rig 107'!$B:$B,Lists!$A$35,'Rig 107'!$C:$C) -> 0 | GU10: =SUMIF('Rig 107'!$B:$B,Lists!$A$35,'Rig 107'!$E:$E) -> 0 | GV10: =SUMIF('Rig 107'!$B:$B,Lists!$A$35,'Rig 107'!$F:$F) -> 0 | GW10: =SUMIF('Rig 107'!$B:$B,Lists!$A$35,'Rig 107'!$G:$G) -> 0 | GX10: =SUMIF('Rig 107'!$B:$B,Lists!$A$35,'Rig 107'!$H:$H) -> 0 | GY10: =SUMIF('Rig 107'!$B:$B,Lists!$A$35,'Rig 107'!$I:$I) -> 0 | GZ10: =SUMIF('Rig 107'!$B:$B,Lists!$A$36,'Rig 107'!$C:$C) -> 0 | HA10: =SUMIF('Rig 107'!$B:$B,Lists!$A$36,'Rig 107'!$E:$E) -> 0 | HB10: =SUMIF('Rig 107'!$B:$B,Lists!$A$36,'Rig 107'!$F:$F) -> 0 | HC10: =SUMIF('Rig 107'!$B:$B,Lists!$A$36,'Rig 107'!$G:$G) -> 0 | HD10: =SUMIF('Rig 107'!$B:$B,Lists!$A$36,'Rig 107'!$H:$H) -> 0 | HE10: =SUMIF('Rig 107'!$B:$B,Lists!$A$36,'Rig 107'!$I:$I) -> 0 | HF10: =SUMIF('Rig 107'!$B:$B,Lists!$A$37,'Rig 107'!$C:$C) -> 0 | HG10: =SUMIF('Rig 107'!$B:$B,Lists!$A$37,'Rig 107'!$E:$E) -> 0 | HH10: =SUMIF('Rig 107'!$B:$B,Lists!$A$37,'Rig 107'!$F:$F) -> 0 | HI10: =SUMIF('Rig 107'!$B:$B,Lists!$A$37,'Rig 107'!$G:$G) -> 0 | HJ10: =SUMIF('Rig 107'!$B:$B,Lists!$A$37,'Rig 107'!$H:$H) -> 0 | HK10: =SUMIF('Rig 107'!$B:$B,Lists!$A$37,'Rig 107'!$I:$I) -> 0 | HL10: =SUMIF('Rig 107'!$B:$B,Lists!$A$38,'Rig 107'!$C:$C) -> 0 | HM10: =SUMIF('Rig 107'!$B:$B,Lists!$A$38,'Rig 107'!$E:$E) -> 0 | HN10: =SUMIF('Rig 107'!$B:$B,Lists!$A$38,'Rig 107'!$F:$F) -> 0 | HO10: =SUMIF('Rig 107'!$B:$B,Lists!$A$38,'Rig 107'!$G:$G) -> 0 | HP10: =SUMIF('Rig 107'!$B:$B,Lists!$A$38,'Rig 107'!$H:$H) -> 0 | HQ10: =SUMIF('Rig 107'!$B:$B,Lists!$A$38,'Rig 107'!$I:$I) -> 0 | HR10: =SUMIF('Rig 107'!$B:$B,Lists!$A$39,'Rig 107'!$C:$C) -> 6 | HS10: =SUMIF('Rig 107'!$B:$B,Lists!$A$39,'Rig 107'!$E:$E) -> 8 | HT10: =SUMIF('Rig 107'!$B:$B,Lists!$A$39,'Rig 107'!$F:$F) -> 0 | HU10: =SUMIF('Rig 107'!$B:$B,Lists!$A$39,'Rig 107'!$G:$G) -> 0 | HV10: =SUMIF('Rig 107'!$B:$B,Lists!$A$39,'Rig 107'!$H:$H) -> 0 | HW10: =SUMIF('Rig 107'!$B:$B,Lists!$A$39,'Rig 107'!$I:$I) -> 0 | HX10: =SUMIF('Rig 107'!$B:$B,Lists!$A$40,'Rig 107'!$C:$C) -> 0 | HY10: =SUMIF('Rig 107'!$B:$B,Lists!$A$40,'Rig 107'!$E:$E) -> 0 | HZ10: =SUMIF('Rig 107'!$B:$B,Lists!$A$40,'Rig 107'!$F:$F) -> 0 | IA10: =SUMIF('Rig 107'!$B:$B,Lists!$A$40,'Rig 107'!$G:$G) -> 0 | IB10: =SUMIF('Rig 107'!$B:$B,Lists!$A$40,'Rig 107'!$H:$H) -> 0 | IC10: =SUMIF('Rig 107'!$B:$B,Lists!$A$40,'Rig 107'!$I:$I) -> 0 | ID10: =SUMIF('Rig 107'!$B:$B,Lists!$A$41,'Rig 107'!$C:$C) -> 0 | IE10: =SUMIF('Rig 107'!$B:$B,Lists!$A$41,'Rig 107'!$E:$E) -> 0 | IF10: =SUMIF('Rig 107'!$B:$B,Lists!$A$41,'Rig 107'!$F:$F) -> 0 | IG10: =SUMIF('Rig 107'!$B:$B,Lists!$A$41,'Rig 107'!$G:$G) -> 0 | IH10: =SUMIF('Rig 107'!$B:$B,Lists!$A$41,'Rig 107'!$H:$H) -> 0 | II10: =SUMIF('Rig 107'!$B:$B,Lists!$A$41,'Rig 107'!$I:$I) -> 0
A11: Rig 108 | B11: ='Rig 108'!D2 -> 46091 | C11: Joints | D11: =SUMIF('Rig 108'!$B:$B,Lists!$A$2,'Rig 108'!$C:$C) -> 0 | E11: =SUMIF('Rig 108'!$B:$B,Lists!$A$2,'Rig 108'!$E:$E) -> 0 | F11: =SUMIF('Rig 108'!$B:$B,Lists!$A$2,'Rig 108'!$F:$F) -> 0 | G11: =SUMIF('Rig 108'!$B:$B,Lists!$A$2,'Rig 108'!$G:$G) -> 0 | H11: =SUMIF('Rig 108'!$B:$B,Lists!$A$2,'Rig 108'!$H:$H) -> 0 | I11: =SUMIF('Rig 108'!$B:$B,Lists!$A$2,'Rig 108'!$I:$I) -> 0 | J11: =SUMIF('Rig 108'!$B:$B,Lists!$A$3,'Rig 108'!$C:$C) -> 0 | K11: =SUMIF('Rig 108'!$B:$B,Lists!$A$3,'Rig 108'!$E:$E) -> 0 | L11: =SUMIF('Rig 108'!$B:$B,Lists!$A$3,'Rig 108'!$F:$F) -> 0 | M11: =SUMIF('Rig 108'!$B:$B,Lists!$A$3,'Rig 108'!$G:$G) -> 0 | N11: =SUMIF('Rig 108'!$B:$B,Lists!$A$3,'Rig 108'!$H:$H) -> 0 | O11: =SUMIF('Rig 108'!$B:$B,Lists!$A$3,'Rig 108'!$I:$I) -> 0 | P11: =SUMIF('Rig 108'!$B:$B,Lists!$A$4,'Rig 108'!$C:$C) -> 0 | Q11: =SUMIF('Rig 108'!$B:$B,Lists!$A$4,'Rig 108'!$E:$E) -> 0 | R11: =SUMIF('Rig 108'!$B:$B,Lists!$A$4,'Rig 108'!$F:$F) -> 0 | S11: =SUMIF('Rig 108'!$B:$B,Lists!$A$4,'Rig 108'!$G:$G) -> 0 | T11: =SUMIF('Rig 108'!$B:$B,Lists!$A$4,'Rig 108'!$H:$H) -> 0 | U11: =SUMIF('Rig 108'!$B:$B,Lists!$A$4,'Rig 108'!$I:$I) -> 0 | V11: =SUMIF('Rig 108'!$B:$B,Lists!$A$5,'Rig 108'!$C:$C) -> 0 | W11: =SUMIF('Rig 108'!$B:$B,Lists!$A$5,'Rig 108'!$E:$E) -> 0 | X11: =SUMIF('Rig 108'!$B:$B,Lists!$A$5,'Rig 108'!$F:$F) -> 0 | Y11: =SUMIF('Rig 108'!$B:$B,Lists!$A$5,'Rig 108'!$G:$G) -> 0 | Z11: =SUMIF('Rig 108'!$B:$B,Lists!$A$5,'Rig 108'!$H:$H) -> 0 | AA11: =SUMIF('Rig 108'!$B:$B,Lists!$A$5,'Rig 108'!$I:$I) -> 0 | AB11: =SUMIF('Rig 108'!$B:$B,Lists!$A$6,'Rig 108'!$C:$C) -> 0 | AC11: =SUMIF('Rig 108'!$B:$B,Lists!$A$6,'Rig 108'!$E:$E) -> 0 | AD11: =SUMIF('Rig 108'!$B:$B,Lists!$A$6,'Rig 108'!$F:$F) -> 0 | AE11: =SUMIF('Rig 108'!$B:$B,Lists!$A$6,'Rig 108'!$G:$G) -> 0 | AF11: =SUMIF('Rig 108'!$B:$B,Lists!$A$6,'Rig 108'!$H:$H) -> 0 | AG11: =SUMIF('Rig 108'!$B:$B,Lists!$A$6,'Rig 108'!$I:$I) -> 0 | AH11: =SUMIF('Rig 108'!$B:$B,Lists!$A$7,'Rig 108'!$C:$C) -> 313 | AI11: =SUMIF('Rig 108'!$B:$B,Lists!$A$7,'Rig 108'!$E:$E) -> 0 | AJ11: =SUMIF('Rig 108'!$B:$B,Lists!$A$7,'Rig 108'!$F:$F) -> 0 | AK11: =SUMIF('Rig 108'!$B:$B,Lists!$A$7,'Rig 108'!$G:$G) -> 0 | AL11: =SUMIF('Rig 108'!$B:$B,Lists!$A$7,'Rig 108'!$H:$H) -> 8 | AM11: =SUMIF('Rig 108'!$B:$B,Lists!$A$7,'Rig 108'!$I:$I) -> 0 | AN11: =SUMIF('Rig 108'!$B:$B,Lists!$A$8,'Rig 108'!$C:$C) -> 0 | AO11: =SUMIF('Rig 108'!$B:$B,Lists!$A$8,'Rig 108'!$E:$E) -> 0 | AP11: =SUMIF('Rig 108'!$B:$B,Lists!$A$8,'Rig 108'!$F:$F) -> 0 | AQ11: =SUMIF('Rig 108'!$B:$B,Lists!$A$8,'Rig 108'!$G:$G) -> 0 | AR11: =SUMIF('Rig 108'!$B:$B,Lists!$A$8,'Rig 108'!$H:$H) -> 0 | AS11: =SUMIF('Rig 108'!$B:$B,Lists!$A$8,'Rig 108'!$I:$I) -> 0 | AT11: =SUMIF('Rig 108'!$B:$B,Lists!$A$9,'Rig 108'!$C:$C) -> 0 | AU11: =SUMIF('Rig 108'!$B:$B,Lists!$A$9,'Rig 108'!$E:$E) -> 0 | AV11: =SUMIF('Rig 108'!$B:$B,Lists!$A$9,'Rig 108'!$F:$F) -> 0 | AW11: =SUMIF('Rig 108'!$B:$B,Lists!$A$9,'Rig 108'!$G:$G) -> 0 | AX11: =SUMIF('Rig 108'!$B:$B,Lists!$A$9,'Rig 108'!$H:$H) -> 0 | AY11: =SUMIF('Rig 108'!$B:$B,Lists!$A$9,'Rig 108'!$I:$I) -> 0 | AZ11: =SUMIF('Rig 108'!$B:$B,Lists!$A$10,'Rig 108'!$C:$C) -> 0 | BA11: =SUMIF('Rig 108'!$B:$B,Lists!$A$10,'Rig 108'!$E:$E) -> 0 | BB11: =SUMIF('Rig 108'!$B:$B,Lists!$A$10,'Rig 108'!$F:$F) -> 0 | BC11: =SUMIF('Rig 108'!$B:$B,Lists!$A$10,'Rig 108'!$G:$G) -> 0 | BD11: =SUMIF('Rig 108'!$B:$B,Lists!$A$10,'Rig 108'!$H:$H) -> 0 | BE11: =SUMIF('Rig 108'!$B:$B,Lists!$A$10,'Rig 108'!$I:$I) -> 0 | BF11: =SUMIF('Rig 108'!$B:$B,Lists!$A$11,'Rig 108'!$C:$C) -> 313 | BG11: =SUMIF('Rig 108'!$B:$B,Lists!$A$11,'Rig 108'!$E:$E) -> 0 | BH11: =SUMIF('Rig 108'!$B:$B,Lists!$A$11,'Rig 108'!$F:$F) -> 0 | BI11: =SUMIF('Rig 108'!$B:$B,Lists!$A$11,'Rig 108'!$G:$G) -> 0 | BJ11: =SUMIF('Rig 108'!$B:$B,Lists!$A$11,'Rig 108'!$H:$H) -> 0 | BK11: =SUMIF('Rig 108'!$B:$B,Lists!$A$11,'Rig 108'!$I:$I) -> 0 | BL11: =SUMIF('Rig 108'!$B:$B,Lists!$A$12,'Rig 108'!$C:$C) -> 0 | BM11: =SUMIF('Rig 108'!$B:$B,Lists!$A$12,'Rig 108'!$E:$E) -> 0 | BN11: =SUMIF('Rig 108'!$B:$B,Lists!$A$12,'Rig 108'!$F:$F) -> 0 | BO11: =SUMIF('Rig 108'!$B:$B,Lists!$A$12,'Rig 108'!$G:$G) -> 0 | BP11: =SUMIF('Rig 108'!$B:$B,Lists!$A$12,'Rig 108'!$H:$H) -> 0 | BQ11: =SUMIF('Rig 108'!$B:$B,Lists!$A$12,'Rig 108'!$I:$I) -> 0 | BR11: =SUMIF('Rig 108'!$B:$B,Lists!$A$13,'Rig 108'!$C:$C) -> 0 | BS11: =SUMIF('Rig 108'!$B:$B,Lists!$A$13,'Rig 108'!$E:$E) -> 0 | BT11: =SUMIF('Rig 108'!$B:$B,Lists!$A$13,'Rig 108'!$F:$F) -> 0 | BU11: =SUMIF('Rig 108'!$B:$B,Lists!$A$13,'Rig 108'!$G:$G) -> 0 | BV11: =SUMIF('Rig 108'!$B:$B,Lists!$A$13,'Rig 108'!$H:$H) -> 0 | BW11: =SUMIF('Rig 108'!$B:$B,Lists!$A$13,'Rig 108'!$I:$I) -> 0 | BX11: =SUMIF('Rig 108'!$B:$B,Lists!$A$14,'Rig 108'!$C:$C) -> 0 | BY11: =SUMIF('Rig 108'!$B:$B,Lists!$A$14,'Rig 108'!$E:$E) -> 0 | BZ11: =SUMIF('Rig 108'!$B:$B,Lists!$A$14,'Rig 108'!$F:$F) -> 0 | CA11: =SUMIF('Rig 108'!$B:$B,Lists!$A$14,'Rig 108'!$G:$G) -> 0 | CB11: =SUMIF('Rig 108'!$B:$B,Lists!$A$14,'Rig 108'!$H:$H) -> 0 | CC11: =SUMIF('Rig 108'!$B:$B,Lists!$A$14,'Rig 108'!$I:$I) -> 0 | CD11: =SUMIF('Rig 108'!$B:$B,Lists!$A$15,'Rig 108'!$C:$C) -> 0 | CE11: =SUMIF('Rig 108'!$B:$B,Lists!$A$15,'Rig 108'!$E:$E) -> 0 | CF11: =SUMIF('Rig 108'!$B:$B,Lists!$A$15,'Rig 108'!$F:$F) -> 0 | CG11: =SUMIF('Rig 108'!$B:$B,Lists!$A$15,'Rig 108'!$G:$G) -> 0 | CH11: =SUMIF('Rig 108'!$B:$B,Lists!$A$15,'Rig 108'!$H:$H) -> 0 | CI11: =SUMIF('Rig 108'!$B:$B,Lists!$A$15,'Rig 108'!$I:$I) -> 0 | CJ11: =SUMIF('Rig 108'!$B:$B,Lists!$A$16,'Rig 108'!$C:$C) -> 0 | CK11: =SUMIF('Rig 108'!$B:$B,Lists!$A$16,'Rig 108'!$E:$E) -> 0 | CL11: =SUMIF('Rig 108'!$B:$B,Lists!$A$16,'Rig 108'!$F:$F) -> 0 | CM11: =SUMIF('Rig 108'!$B:$B,Lists!$A$16,'Rig 108'!$G:$G) -> 0 | CN11: =SUMIF('Rig 108'!$B:$B,Lists!$A$16,'Rig 108'!$H:$H) -> 0 | CO11: =SUMIF('Rig 108'!$B:$B,Lists!$A$16,'Rig 108'!$I:$I) -> 0 | CP11: =SUMIF('Rig 108'!$B:$B,Lists!$A$17,'Rig 108'!$C:$C) -> 0 | CQ11: =SUMIF('Rig 108'!$B:$B,Lists!$A$17,'Rig 108'!$E:$E) -> 0 | CR11: =SUMIF('Rig 108'!$B:$B,Lists!$A$17,'Rig 108'!$F:$F) -> 0 | CS11: =SUMIF('Rig 108'!$B:$B,Lists!$A$17,'Rig 108'!$G:$G) -> 0 | CT11: =SUMIF('Rig 108'!$B:$B,Lists!$A$17,'Rig 108'!$H:$H) -> 0 | CU11: =SUMIF('Rig 108'!$B:$B,Lists!$A$17,'Rig 108'!$I:$I) -> 0 | CV11: =SUMIF('Rig 108'!$B:$B,Lists!$A$18,'Rig 108'!$C:$C) -> 42 | CW11: =SUMIF('Rig 108'!$B:$B,Lists!$A$18,'Rig 108'!$E:$E) -> 0 | CX11: =SUMIF('Rig 108'!$B:$B,Lists!$A$18,'Rig 108'!$F:$F) -> 0 | CY11: =SUMIF('Rig 108'!$B:$B,Lists!$A$18,'Rig 108'!$G:$G) -> 0 | CZ11: =SUMIF('Rig 108'!$B:$B,Lists!$A$18,'Rig 108'!$H:$H) -> 3 | DA11: =SUMIF('Rig 108'!$B:$B,Lists!$A$18,'Rig 108'!$I:$I) -> 0 | DB11: =SUMIF('Rig 108'!$B:$B,Lists!$A$19,'Rig 108'!$C:$C) -> 42 | DC11: =SUMIF('Rig 108'!$B:$B,Lists!$A$19,'Rig 108'!$E:$E) -> 0 | DD11: =SUMIF('Rig 108'!$B:$B,Lists!$A$19,'Rig 108'!$F:$F) -> 0 | DE11: =SUMIF('Rig 108'!$B:$B,Lists!$A$19,'Rig 108'!$G:$G) -> 0 | DF11: =SUMIF('Rig 108'!$B:$B,Lists!$A$19,'Rig 108'!$H:$H) -> 4 | DG11: =SUMIF('Rig 108'!$B:$B,Lists!$A$19,'Rig 108'!$I:$I) -> 0 | DH11: =SUMIF('Rig 108'!$B:$B,Lists!$A$20,'Rig 108'!$C:$C) -> 0 | DI11: =SUMIF('Rig 108'!$B:$B,Lists!$A$20,'Rig 108'!$E:$E) -> 0 | DJ11: =SUMIF('Rig 108'!$B:$B,Lists!$A$20,'Rig 108'!$F:$F) -> 0 | DK11: =SUMIF('Rig 108'!$B:$B,Lists!$A$20,'Rig 108'!$G:$G) -> 0 | DL11: =SUMIF('Rig 108'!$B:$B,Lists!$A$20,'Rig 108'!$H:$H) -> 0 | DM11: =SUMIF('Rig 108'!$B:$B,Lists!$A$20,'Rig 108'!$I:$I) -> 0 | DN11: =SUMIF('Rig 108'!$B:$B,Lists!$A$21,'Rig 108'!$C:$C) -> 0 | DO11: =SUMIF('Rig 108'!$B:$B,Lists!$A$21,'Rig 108'!$E:$E) -> 0 | DP11: =SUMIF('Rig 108'!$B:$B,Lists!$A$21,'Rig 108'!$F:$F) -> 0 | DQ11: =SUMIF('Rig 108'!$B:$B,Lists!$A$21,'Rig 108'!$G:$G) -> 0 | DR11: =SUMIF('Rig 108'!$B:$B,Lists!$A$21,'Rig 108'!$H:$H) -> 0 | DS11: =SUMIF('Rig 108'!$B:$B,Lists!$A$21,'Rig 108'!$I:$I) -> 0 | DT11: =SUMIF('Rig 108'!$B:$B,Lists!$A$22,'Rig 108'!$C:$C) -> 0 | DU11: =SUMIF('Rig 108'!$B:$B,Lists!$A$22,'Rig 108'!$E:$E) -> 0 | DV11: =SUMIF('Rig 108'!$B:$B,Lists!$A$22,'Rig 108'!$F:$F) -> 0 | DW11: =SUMIF('Rig 108'!$B:$B,Lists!$A$22,'Rig 108'!$G:$G) -> 0 | DX11: =SUMIF('Rig 108'!$B:$B,Lists!$A$22,'Rig 108'!$H:$H) -> 0 | DY11: =SUMIF('Rig 108'!$B:$B,Lists!$A$22,'Rig 108'!$I:$I) -> 0 | DZ11: =SUMIF('Rig 108'!$B:$B,Lists!$A$23,'Rig 108'!$C:$C) -> 0 | EA11: =SUMIF('Rig 108'!$B:$B,Lists!$A$23,'Rig 108'!$E:$E) -> 0 | EB11: =SUMIF('Rig 108'!$B:$B,Lists!$A$23,'Rig 108'!$F:$F) -> 0 | EC11: =SUMIF('Rig 108'!$B:$B,Lists!$A$23,'Rig 108'!$G:$G) -> 0 | ED11: =SUMIF('Rig 108'!$B:$B,Lists!$A$23,'Rig 108'!$H:$H) -> 0 | EE11: =SUMIF('Rig 108'!$B:$B,Lists!$A$23,'Rig 108'!$I:$I) -> 0 | EF11: =SUMIF('Rig 108'!$B:$B,Lists!$A$24,'Rig 108'!$C:$C) -> 30 | EG11: =SUMIF('Rig 108'!$B:$B,Lists!$A$24,'Rig 108'!$E:$E) -> 0 | EH11: =SUMIF('Rig 108'!$B:$B,Lists!$A$24,'Rig 108'!$F:$F) -> 0 | EI11: =SUMIF('Rig 108'!$B:$B,Lists!$A$24,'Rig 108'!$G:$G) -> 0 | EJ11: =SUMIF('Rig 108'!$B:$B,Lists!$A$24,'Rig 108'!$H:$H) -> 0 | EK11: =SUMIF('Rig 108'!$B:$B,Lists!$A$24,'Rig 108'!$I:$I) -> 0 | EL11: =SUMIF('Rig 108'!$B:$B,Lists!$A$25,'Rig 108'!$C:$C) -> 30 | EM11: =SUMIF('Rig 108'!$B:$B,Lists!$A$25,'Rig 108'!$E:$E) -> 0 | EN11: =SUMIF('Rig 108'!$B:$B,Lists!$A$25,'Rig 108'!$F:$F) -> 0 | EO11: =SUMIF('Rig 108'!$B:$B,Lists!$A$25,'Rig 108'!$G:$G) -> 0 | EP11: =SUMIF('Rig 108'!$B:$B,Lists!$A$25,'Rig 108'!$H:$H) -> 0 | EQ11: =SUMIF('Rig 108'!$B:$B,Lists!$A$25,'Rig 108'!$I:$I) -> 0 | ER11: =SUMIF('Rig 108'!$B:$B,Lists!$A$26,'Rig 108'!$C:$C) -> 0 | ES11: =SUMIF('Rig 108'!$B:$B,Lists!$A$26,'Rig 108'!$E:$E) -> 0 | ET11: =SUMIF('Rig 108'!$B:$B,Lists!$A$26,'Rig 108'!$F:$F) -> 0 | EU11: =SUMIF('Rig 108'!$B:$B,Lists!$A$26,'Rig 108'!$G:$G) -> 0 | EV11: =SUMIF('Rig 108'!$B:$B,Lists!$A$26,'Rig 108'!$H:$H) -> 0 | EW11: =SUMIF('Rig 108'!$B:$B,Lists!$A$26,'Rig 108'!$I:$I) -> 0 | EX11: =SUMIF('Rig 108'!$B:$B,Lists!$A$27,'Rig 108'!$C:$C) -> 0 | EY11: =SUMIF('Rig 108'!$B:$B,Lists!$A$27,'Rig 108'!$E:$E) -> 0 | EZ11: =SUMIF('Rig 108'!$B:$B,Lists!$A$27,'Rig 108'!$F:$F) -> 0 | FA11: =SUMIF('Rig 108'!$B:$B,Lists!$A$27,'Rig 108'!$G:$G) -> 0 | FB11: =SUMIF('Rig 108'!$B:$B,Lists!$A$27,'Rig 108'!$H:$H) -> 0 | FC11: =SUMIF('Rig 108'!$B:$B,Lists!$A$27,'Rig 108'!$I:$I) -> 0 | FD11: =SUMIF('Rig 108'!$B:$B,Lists!$A$28,'Rig 108'!$C:$C) -> 0 | FE11: =SUMIF('Rig 108'!$B:$B,Lists!$A$28,'Rig 108'!$E:$E) -> 0 | FF11: =SUMIF('Rig 108'!$B:$B,Lists!$A$28,'Rig 108'!$F:$F) -> 0 | FG11: =SUMIF('Rig 108'!$B:$B,Lists!$A$28,'Rig 108'!$G:$G) -> 0 | FH11: =SUMIF('Rig 108'!$B:$B,Lists!$A$28,'Rig 108'!$H:$H) -> 0 | FI11: =SUMIF('Rig 108'!$B:$B,Lists!$A$28,'Rig 108'!$I:$I) -> 0 | FJ11: =SUMIF('Rig 108'!$B:$B,Lists!$A$29,'Rig 108'!$C:$C) -> 20 | FK11: =SUMIF('Rig 108'!$B:$B,Lists!$A$29,'Rig 108'!$E:$E) -> 0 | FL11: =SUMIF('Rig 108'!$B:$B,Lists!$A$29,'Rig 108'!$F:$F) -> 0 | FM11: =SUMIF('Rig 108'!$B:$B,Lists!$A$29,'Rig 108'!$G:$G) -> 0 | FN11: =SUMIF('Rig 108'!$B:$B,Lists!$A$29,'Rig 108'!$H:$H) -> 0 | FO11: =SUMIF('Rig 108'!$B:$B,Lists!$A$29,'Rig 108'!$I:$I) -> 0 | FP11: =SUMIF('Rig 108'!$B:$B,Lists!$A$30,'Rig 108'!$C:$C) -> 0 | FQ11: =SUMIF('Rig 108'!$B:$B,Lists!$A$30,'Rig 108'!$E:$E) -> 0 | FR11: =SUMIF('Rig 108'!$B:$B,Lists!$A$30,'Rig 108'!$F:$F) -> 0 | FS11: =SUMIF('Rig 108'!$B:$B,Lists!$A$30,'Rig 108'!$G:$G) -> 0 | FT11: =SUMIF('Rig 108'!$B:$B,Lists!$A$30,'Rig 108'!$H:$H) -> 0 | FU11: =SUMIF('Rig 108'!$B:$B,Lists!$A$30,'Rig 108'!$I:$I) -> 0 | FV11: =SUMIF('Rig 108'!$B:$B,Lists!$A$31,'Rig 108'!$C:$C) -> 0 | FW11: =SUMIF('Rig 108'!$B:$B,Lists!$A$31,'Rig 108'!$E:$E) -> 0 | FX11: =SUMIF('Rig 108'!$B:$B,Lists!$A$31,'Rig 108'!$F:$F) -> 0 | FY11: =SUMIF('Rig 108'!$B:$B,Lists!$A$31,'Rig 108'!$G:$G) -> 0 | FZ11: =SUMIF('Rig 108'!$B:$B,Lists!$A$31,'Rig 108'!$H:$H) -> 0 | GA11: =SUMIF('Rig 108'!$B:$B,Lists!$A$31,'Rig 108'!$I:$I) -> 0 | GB11: =SUMIF('Rig 108'!$B:$B,Lists!$A$32,'Rig 108'!$C:$C) -> 0 | GC11: =SUMIF('Rig 108'!$B:$B,Lists!$A$32,'Rig 108'!$E:$E) -> 0 | GD11: =SUMIF('Rig 108'!$B:$B,Lists!$A$32,'Rig 108'!$F:$F) -> 0 | GE11: =SUMIF('Rig 108'!$B:$B,Lists!$A$32,'Rig 108'!$G:$G) -> 0 | GF11: =SUMIF('Rig 108'!$B:$B,Lists!$A$32,'Rig 108'!$H:$H) -> 0 | GG11: =SUMIF('Rig 108'!$B:$B,Lists!$A$32,'Rig 108'!$I:$I) -> 0 | GH11: =SUMIF('Rig 108'!$B:$B,Lists!$A$33,'Rig 108'!$C:$C) -> 0 | GI11: =SUMIF('Rig 108'!$B:$B,Lists!$A$33,'Rig 108'!$E:$E) -> 0 | GJ11: =SUMIF('Rig 108'!$B:$B,Lists!$A$33,'Rig 108'!$F:$F) -> 0 | GK11: =SUMIF('Rig 108'!$B:$B,Lists!$A$33,'Rig 108'!$G:$G) -> 0 | GL11: =SUMIF('Rig 108'!$B:$B,Lists!$A$33,'Rig 108'!$H:$H) -> 0 | GM11: =SUMIF('Rig 108'!$B:$B,Lists!$A$33,'Rig 108'!$I:$I) -> 0 | GN11: =SUMIF('Rig 108'!$B:$B,Lists!$A$34,'Rig 108'!$C:$C) -> 0 | GO11: =SUMIF('Rig 108'!$B:$B,Lists!$A$34,'Rig 108'!$E:$E) -> 0 | GP11: =SUMIF('Rig 108'!$B:$B,Lists!$A$34,'Rig 108'!$F:$F) -> 0 | GQ11: =SUMIF('Rig 108'!$B:$B,Lists!$A$34,'Rig 108'!$G:$G) -> 0 | GR11: =SUMIF('Rig 108'!$B:$B,Lists!$A$34,'Rig 108'!$H:$H) -> 0 | GS11: =SUMIF('Rig 108'!$B:$B,Lists!$A$34,'Rig 108'!$I:$I) -> 0 | GT11: =SUMIF('Rig 108'!$B:$B,Lists!$A$35,'Rig 108'!$C:$C) -> 0 | GU11: =SUMIF('Rig 108'!$B:$B,Lists!$A$35,'Rig 108'!$E:$E) -> 0 | GV11: =SUMIF('Rig 108'!$B:$B,Lists!$A$35,'Rig 108'!$F:$F) -> 0 | GW11: =SUMIF('Rig 108'!$B:$B,Lists!$A$35,'Rig 108'!$G:$G) -> 0 | GX11: =SUMIF('Rig 108'!$B:$B,Lists!$A$35,'Rig 108'!$H:$H) -> 0 | GY11: =SUMIF('Rig 108'!$B:$B,Lists!$A$35,'Rig 108'!$I:$I) -> 0 | GZ11: =SUMIF('Rig 108'!$B:$B,Lists!$A$36,'Rig 108'!$C:$C) -> 0 | HA11: =SUMIF('Rig 108'!$B:$B,Lists!$A$36,'Rig 108'!$E:$E) -> 0 | HB11: =SUMIF('Rig 108'!$B:$B,Lists!$A$36,'Rig 108'!$F:$F) -> 0 | HC11: =SUMIF('Rig 108'!$B:$B,Lists!$A$36,'Rig 108'!$G:$G) -> 0 | HD11: =SUMIF('Rig 108'!$B:$B,Lists!$A$36,'Rig 108'!$H:$H) -> 0 | HE11: =SUMIF('Rig 108'!$B:$B,Lists!$A$36,'Rig 108'!$I:$I) -> 0 | HF11: =SUMIF('Rig 108'!$B:$B,Lists!$A$37,'Rig 108'!$C:$C) -> 0 | HG11: =SUMIF('Rig 108'!$B:$B,Lists!$A$37,'Rig 108'!$E:$E) -> 0 | HH11: =SUMIF('Rig 108'!$B:$B,Lists!$A$37,'Rig 108'!$F:$F) -> 0 | HI11: =SUMIF('Rig 108'!$B:$B,Lists!$A$37,'Rig 108'!$G:$G) -> 0 | HJ11: =SUMIF('Rig 108'!$B:$B,Lists!$A$37,'Rig 108'!$H:$H) -> 0 | HK11: =SUMIF('Rig 108'!$B:$B,Lists!$A$37,'Rig 108'!$I:$I) -> 0 | HL11: =SUMIF('Rig 108'!$B:$B,Lists!$A$38,'Rig 108'!$C:$C) -> 0 | HM11: =SUMIF('Rig 108'!$B:$B,Lists!$A$38,'Rig 108'!$E:$E) -> 0 | HN11: =SUMIF('Rig 108'!$B:$B,Lists!$A$38,'Rig 108'!$F:$F) -> 0 | HO11: =SUMIF('Rig 108'!$B:$B,Lists!$A$38,'Rig 108'!$G:$G) -> 0 | HP11: =SUMIF('Rig 108'!$B:$B,Lists!$A$38,'Rig 108'!$H:$H) -> 0 | HQ11: =SUMIF('Rig 108'!$B:$B,Lists!$A$38,'Rig 108'!$I:$I) -> 0 | HR11: =SUMIF('Rig 108'!$B:$B,Lists!$A$39,'Rig 108'!$C:$C) -> 6 | HS11: =SUMIF('Rig 108'!$B:$B,Lists!$A$39,'Rig 108'!$E:$E) -> 0 | HT11: =SUMIF('Rig 108'!$B:$B,Lists!$A$39,'Rig 108'!$F:$F) -> 0 | HU11: =SUMIF('Rig 108'!$B:$B,Lists!$A$39,'Rig 108'!$G:$G) -> 0 | HV11: =SUMIF('Rig 108'!$B:$B,Lists!$A$39,'Rig 108'!$H:$H) -> 0 | HW11: =SUMIF('Rig 108'!$B:$B,Lists!$A$39,'Rig 108'!$I:$I) -> 0 | HX11: =SUMIF('Rig 108'!$B:$B,Lists!$A$40,'Rig 108'!$C:$C) -> 0 | HY11: =SUMIF('Rig 108'!$B:$B,Lists!$A$40,'Rig 108'!$E:$E) -> 0 | HZ11: =SUMIF('Rig 108'!$B:$B,Lists!$A$40,'Rig 108'!$F:$F) -> 0 | IA11: =SUMIF('Rig 108'!$B:$B,Lists!$A$40,'Rig 108'!$G:$G) -> 0 | IB11: =SUMIF('Rig 108'!$B:$B,Lists!$A$40,'Rig 108'!$H:$H) -> 0 | IC11: =SUMIF('Rig 108'!$B:$B,Lists!$A$40,'Rig 108'!$I:$I) -> 0 | ID11: =SUMIF('Rig 108'!$B:$B,Lists!$A$41,'Rig 108'!$C:$C) -> 0 | IE11: =SUMIF('Rig 108'!$B:$B,Lists!$A$41,'Rig 108'!$E:$E) -> 0 | IF11: =SUMIF('Rig 108'!$B:$B,Lists!$A$41,'Rig 108'!$F:$F) -> 0 | IG11: =SUMIF('Rig 108'!$B:$B,Lists!$A$41,'Rig 108'!$G:$G) -> 0 | IH11: =SUMIF('Rig 108'!$B:$B,Lists!$A$41,'Rig 108'!$H:$H) -> 0 | II11: =SUMIF('Rig 108'!$B:$B,Lists!$A$41,'Rig 108'!$I:$I) -> 0
A12: Rig 109 | B12: ='Rig 109'!D2 -> 46153 | C12: Joints | D12: =SUMIF('Rig 109'!$B:$B,Lists!$A$2,'Rig 109'!$C:$C) -> 0 | E12: =SUMIF('Rig 109'!$B:$B,Lists!$A$2,'Rig 109'!$E:$E) -> 0 | F12: =SUMIF('Rig 109'!$B:$B,Lists!$A$2,'Rig 109'!$F:$F) -> 0 | G12: =SUMIF('Rig 109'!$B:$B,Lists!$A$2,'Rig 109'!$G:$G) -> 0 | H12: =SUMIF('Rig 109'!$B:$B,Lists!$A$2,'Rig 109'!$H:$H) -> 0 | I12: =SUMIF('Rig 109'!$B:$B,Lists!$A$2,'Rig 109'!$I:$I) -> 0 | J12: =SUMIF('Rig 109'!$B:$B,Lists!$A$3,'Rig 109'!$C:$C) -> 0 | K12: =SUMIF('Rig 109'!$B:$B,Lists!$A$3,'Rig 109'!$E:$E) -> 0 | L12: =SUMIF('Rig 109'!$B:$B,Lists!$A$3,'Rig 109'!$F:$F) -> 0 | M12: =SUMIF('Rig 109'!$B:$B,Lists!$A$3,'Rig 109'!$G:$G) -> 0 | N12: =SUMIF('Rig 109'!$B:$B,Lists!$A$3,'Rig 109'!$H:$H) -> 0 | O12: =SUMIF('Rig 109'!$B:$B,Lists!$A$3,'Rig 109'!$I:$I) -> 0 | P12: =SUMIF('Rig 109'!$B:$B,Lists!$A$4,'Rig 109'!$C:$C) -> 0 | Q12: =SUMIF('Rig 109'!$B:$B,Lists!$A$4,'Rig 109'!$E:$E) -> 0 | R12: =SUMIF('Rig 109'!$B:$B,Lists!$A$4,'Rig 109'!$F:$F) -> 0 | S12: =SUMIF('Rig 109'!$B:$B,Lists!$A$4,'Rig 109'!$G:$G) -> 0 | T12: =SUMIF('Rig 109'!$B:$B,Lists!$A$4,'Rig 109'!$H:$H) -> 0 | U12: =SUMIF('Rig 109'!$B:$B,Lists!$A$4,'Rig 109'!$I:$I) -> 0 | V12: =SUMIF('Rig 109'!$B:$B,Lists!$A$5,'Rig 109'!$C:$C) -> 0 | W12: =SUMIF('Rig 109'!$B:$B,Lists!$A$5,'Rig 109'!$E:$E) -> 0 | X12: =SUMIF('Rig 109'!$B:$B,Lists!$A$5,'Rig 109'!$F:$F) -> 0 | Y12: =SUMIF('Rig 109'!$B:$B,Lists!$A$5,'Rig 109'!$G:$G) -> 0 | Z12: =SUMIF('Rig 109'!$B:$B,Lists!$A$5,'Rig 109'!$H:$H) -> 0 | AA12: =SUMIF('Rig 109'!$B:$B,Lists!$A$5,'Rig 109'!$I:$I) -> 0 | AB12: =SUMIF('Rig 109'!$B:$B,Lists!$A$6,'Rig 109'!$C:$C) -> 0 | AC12: =SUMIF('Rig 109'!$B:$B,Lists!$A$6,'Rig 109'!$E:$E) -> 0 | AD12: =SUMIF('Rig 109'!$B:$B,Lists!$A$6,'Rig 109'!$F:$F) -> 0 | AE12: =SUMIF('Rig 109'!$B:$B,Lists!$A$6,'Rig 109'!$G:$G) -> 0 | AF12: =SUMIF('Rig 109'!$B:$B,Lists!$A$6,'Rig 109'!$H:$H) -> 0 | AG12: =SUMIF('Rig 109'!$B:$B,Lists!$A$6,'Rig 109'!$I:$I) -> 0 | AH12: =SUMIF('Rig 109'!$B:$B,Lists!$A$7,'Rig 109'!$C:$C) -> 313 | AI12: =SUMIF('Rig 109'!$B:$B,Lists!$A$7,'Rig 109'!$E:$E) -> 211 | AJ12: =SUMIF('Rig 109'!$B:$B,Lists!$A$7,'Rig 109'!$F:$F) -> 0 | AK12: =SUMIF('Rig 109'!$B:$B,Lists!$A$7,'Rig 109'!$G:$G) -> 0 | AL12: =SUMIF('Rig 109'!$B:$B,Lists!$A$7,'Rig 109'!$H:$H) -> 0 | AM12: =SUMIF('Rig 109'!$B:$B,Lists!$A$7,'Rig 109'!$I:$I) -> 0 | AN12: =SUMIF('Rig 109'!$B:$B,Lists!$A$8,'Rig 109'!$C:$C) -> 0 | AO12: =SUMIF('Rig 109'!$B:$B,Lists!$A$8,'Rig 109'!$E:$E) -> 0 | AP12: =SUMIF('Rig 109'!$B:$B,Lists!$A$8,'Rig 109'!$F:$F) -> 0 | AQ12: =SUMIF('Rig 109'!$B:$B,Lists!$A$8,'Rig 109'!$G:$G) -> 0 | AR12: =SUMIF('Rig 109'!$B:$B,Lists!$A$8,'Rig 109'!$H:$H) -> 0 | AS12: =SUMIF('Rig 109'!$B:$B,Lists!$A$8,'Rig 109'!$I:$I) -> 0 | AT12: =SUMIF('Rig 109'!$B:$B,Lists!$A$9,'Rig 109'!$C:$C) -> 0 | AU12: =SUMIF('Rig 109'!$B:$B,Lists!$A$9,'Rig 109'!$E:$E) -> 0 | AV12: =SUMIF('Rig 109'!$B:$B,Lists!$A$9,'Rig 109'!$F:$F) -> 0 | AW12: =SUMIF('Rig 109'!$B:$B,Lists!$A$9,'Rig 109'!$G:$G) -> 0 | AX12: =SUMIF('Rig 109'!$B:$B,Lists!$A$9,'Rig 109'!$H:$H) -> 0 | AY12: =SUMIF('Rig 109'!$B:$B,Lists!$A$9,'Rig 109'!$I:$I) -> 0 | AZ12: =SUMIF('Rig 109'!$B:$B,Lists!$A$10,'Rig 109'!$C:$C) -> 0 | BA12: =SUMIF('Rig 109'!$B:$B,Lists!$A$10,'Rig 109'!$E:$E) -> 0 | BB12: =SUMIF('Rig 109'!$B:$B,Lists!$A$10,'Rig 109'!$F:$F) -> 0 | BC12: =SUMIF('Rig 109'!$B:$B,Lists!$A$10,'Rig 109'!$G:$G) -> 0 | BD12: =SUMIF('Rig 109'!$B:$B,Lists!$A$10,'Rig 109'!$H:$H) -> 0 | BE12: =SUMIF('Rig 109'!$B:$B,Lists!$A$10,'Rig 109'!$I:$I) -> 0 | BF12: =SUMIF('Rig 109'!$B:$B,Lists!$A$11,'Rig 109'!$C:$C) -> 313 | BG12: =SUMIF('Rig 109'!$B:$B,Lists!$A$11,'Rig 109'!$E:$E) -> 249 | BH12: =SUMIF('Rig 109'!$B:$B,Lists!$A$11,'Rig 109'!$F:$F) -> 0 | BI12: =SUMIF('Rig 109'!$B:$B,Lists!$A$11,'Rig 109'!$G:$G) -> 0 | BJ12: =SUMIF('Rig 109'!$B:$B,Lists!$A$11,'Rig 109'!$H:$H) -> 0 | BK12: =SUMIF('Rig 109'!$B:$B,Lists!$A$11,'Rig 109'!$I:$I) -> 0 | BL12: =SUMIF('Rig 109'!$B:$B,Lists!$A$12,'Rig 109'!$C:$C) -> 0 | BM12: =SUMIF('Rig 109'!$B:$B,Lists!$A$12,'Rig 109'!$E:$E) -> 0 | BN12: =SUMIF('Rig 109'!$B:$B,Lists!$A$12,'Rig 109'!$F:$F) -> 0 | BO12: =SUMIF('Rig 109'!$B:$B,Lists!$A$12,'Rig 109'!$G:$G) -> 0 | BP12: =SUMIF('Rig 109'!$B:$B,Lists!$A$12,'Rig 109'!$H:$H) -> 0 | BQ12: =SUMIF('Rig 109'!$B:$B,Lists!$A$12,'Rig 109'!$I:$I) -> 0 | BR12: =SUMIF('Rig 109'!$B:$B,Lists!$A$13,'Rig 109'!$C:$C) -> 0 | BS12: =SUMIF('Rig 109'!$B:$B,Lists!$A$13,'Rig 109'!$E:$E) -> 0 | BT12: =SUMIF('Rig 109'!$B:$B,Lists!$A$13,'Rig 109'!$F:$F) -> 0 | BU12: =SUMIF('Rig 109'!$B:$B,Lists!$A$13,'Rig 109'!$G:$G) -> 0 | BV12: =SUMIF('Rig 109'!$B:$B,Lists!$A$13,'Rig 109'!$H:$H) -> 0 | BW12: =SUMIF('Rig 109'!$B:$B,Lists!$A$13,'Rig 109'!$I:$I) -> 0 | BX12: =SUMIF('Rig 109'!$B:$B,Lists!$A$14,'Rig 109'!$C:$C) -> 0 | BY12: =SUMIF('Rig 109'!$B:$B,Lists!$A$14,'Rig 109'!$E:$E) -> 0 | BZ12: =SUMIF('Rig 109'!$B:$B,Lists!$A$14,'Rig 109'!$F:$F) -> 0 | CA12: =SUMIF('Rig 109'!$B:$B,Lists!$A$14,'Rig 109'!$G:$G) -> 0 | CB12: =SUMIF('Rig 109'!$B:$B,Lists!$A$14,'Rig 109'!$H:$H) -> 0 | CC12: =SUMIF('Rig 109'!$B:$B,Lists!$A$14,'Rig 109'!$I:$I) -> 0 | CD12: =SUMIF('Rig 109'!$B:$B,Lists!$A$15,'Rig 109'!$C:$C) -> 0 | CE12: =SUMIF('Rig 109'!$B:$B,Lists!$A$15,'Rig 109'!$E:$E) -> 0 | CF12: =SUMIF('Rig 109'!$B:$B,Lists!$A$15,'Rig 109'!$F:$F) -> 0 | CG12: =SUMIF('Rig 109'!$B:$B,Lists!$A$15,'Rig 109'!$G:$G) -> 0 | CH12: =SUMIF('Rig 109'!$B:$B,Lists!$A$15,'Rig 109'!$H:$H) -> 0 | CI12: =SUMIF('Rig 109'!$B:$B,Lists!$A$15,'Rig 109'!$I:$I) -> 0 | CJ12: =SUMIF('Rig 109'!$B:$B,Lists!$A$16,'Rig 109'!$C:$C) -> 0 | CK12: =SUMIF('Rig 109'!$B:$B,Lists!$A$16,'Rig 109'!$E:$E) -> 0 | CL12: =SUMIF('Rig 109'!$B:$B,Lists!$A$16,'Rig 109'!$F:$F) -> 0 | CM12: =SUMIF('Rig 109'!$B:$B,Lists!$A$16,'Rig 109'!$G:$G) -> 0 | CN12: =SUMIF('Rig 109'!$B:$B,Lists!$A$16,'Rig 109'!$H:$H) -> 0 | CO12: =SUMIF('Rig 109'!$B:$B,Lists!$A$16,'Rig 109'!$I:$I) -> 0 | CP12: =SUMIF('Rig 109'!$B:$B,Lists!$A$17,'Rig 109'!$C:$C) -> 0 | CQ12: =SUMIF('Rig 109'!$B:$B,Lists!$A$17,'Rig 109'!$E:$E) -> 0 | CR12: =SUMIF('Rig 109'!$B:$B,Lists!$A$17,'Rig 109'!$F:$F) -> 0 | CS12: =SUMIF('Rig 109'!$B:$B,Lists!$A$17,'Rig 109'!$G:$G) -> 0 | CT12: =SUMIF('Rig 109'!$B:$B,Lists!$A$17,'Rig 109'!$H:$H) -> 0 | CU12: =SUMIF('Rig 109'!$B:$B,Lists!$A$17,'Rig 109'!$I:$I) -> 0 | CV12: =SUMIF('Rig 109'!$B:$B,Lists!$A$18,'Rig 109'!$C:$C) -> 42 | CW12: =SUMIF('Rig 109'!$B:$B,Lists!$A$18,'Rig 109'!$E:$E) -> 31 | CX12: =SUMIF('Rig 109'!$B:$B,Lists!$A$18,'Rig 109'!$F:$F) -> 0 | CY12: =SUMIF('Rig 109'!$B:$B,Lists!$A$18,'Rig 109'!$G:$G) -> 0 | CZ12: =SUMIF('Rig 109'!$B:$B,Lists!$A$18,'Rig 109'!$H:$H) -> 0 | DA12: =SUMIF('Rig 109'!$B:$B,Lists!$A$18,'Rig 109'!$I:$I) -> 0 | DB12: =SUMIF('Rig 109'!$B:$B,Lists!$A$19,'Rig 109'!$C:$C) -> 42 | DC12: =SUMIF('Rig 109'!$B:$B,Lists!$A$19,'Rig 109'!$E:$E) -> 41 | DD12: =SUMIF('Rig 109'!$B:$B,Lists!$A$19,'Rig 109'!$F:$F) -> 0 | DE12: =SUMIF('Rig 109'!$B:$B,Lists!$A$19,'Rig 109'!$G:$G) -> 0 | DF12: =SUMIF('Rig 109'!$B:$B,Lists!$A$19,'Rig 109'!$H:$H) -> 0 | DG12: =SUMIF('Rig 109'!$B:$B,Lists!$A$19,'Rig 109'!$I:$I) -> 0 | DH12: =SUMIF('Rig 109'!$B:$B,Lists!$A$20,'Rig 109'!$C:$C) -> 0 | DI12: =SUMIF('Rig 109'!$B:$B,Lists!$A$20,'Rig 109'!$E:$E) -> 0 | DJ12: =SUMIF('Rig 109'!$B:$B,Lists!$A$20,'Rig 109'!$F:$F) -> 0 | DK12: =SUMIF('Rig 109'!$B:$B,Lists!$A$20,'Rig 109'!$G:$G) -> 0 | DL12: =SUMIF('Rig 109'!$B:$B,Lists!$A$20,'Rig 109'!$H:$H) -> 0 | DM12: =SUMIF('Rig 109'!$B:$B,Lists!$A$20,'Rig 109'!$I:$I) -> 0 | DN12: =SUMIF('Rig 109'!$B:$B,Lists!$A$21,'Rig 109'!$C:$C) -> 0 | DO12: =SUMIF('Rig 109'!$B:$B,Lists!$A$21,'Rig 109'!$E:$E) -> 0 | DP12: =SUMIF('Rig 109'!$B:$B,Lists!$A$21,'Rig 109'!$F:$F) -> 0 | DQ12: =SUMIF('Rig 109'!$B:$B,Lists!$A$21,'Rig 109'!$G:$G) -> 0 | DR12: =SUMIF('Rig 109'!$B:$B,Lists!$A$21,'Rig 109'!$H:$H) -> 0 | DS12: =SUMIF('Rig 109'!$B:$B,Lists!$A$21,'Rig 109'!$I:$I) -> 0 | DT12: =SUMIF('Rig 109'!$B:$B,Lists!$A$22,'Rig 109'!$C:$C) -> 0 | DU12: =SUMIF('Rig 109'!$B:$B,Lists!$A$22,'Rig 109'!$E:$E) -> 0 | DV12: =SUMIF('Rig 109'!$B:$B,Lists!$A$22,'Rig 109'!$F:$F) -> 0 | DW12: =SUMIF('Rig 109'!$B:$B,Lists!$A$22,'Rig 109'!$G:$G) -> 0 | DX12: =SUMIF('Rig 109'!$B:$B,Lists!$A$22,'Rig 109'!$H:$H) -> 0 | DY12: =SUMIF('Rig 109'!$B:$B,Lists!$A$22,'Rig 109'!$I:$I) -> 0 | DZ12: =SUMIF('Rig 109'!$B:$B,Lists!$A$23,'Rig 109'!$C:$C) -> 0 | EA12: =SUMIF('Rig 109'!$B:$B,Lists!$A$23,'Rig 109'!$E:$E) -> 0 | EB12: =SUMIF('Rig 109'!$B:$B,Lists!$A$23,'Rig 109'!$F:$F) -> 0 | EC12: =SUMIF('Rig 109'!$B:$B,Lists!$A$23,'Rig 109'!$G:$G) -> 0 | ED12: =SUMIF('Rig 109'!$B:$B,Lists!$A$23,'Rig 109'!$H:$H) -> 0 | EE12: =SUMIF('Rig 109'!$B:$B,Lists!$A$23,'Rig 109'!$I:$I) -> 0 | EF12: =SUMIF('Rig 109'!$B:$B,Lists!$A$24,'Rig 109'!$C:$C) -> 30 | EG12: =SUMIF('Rig 109'!$B:$B,Lists!$A$24,'Rig 109'!$E:$E) -> 25 | EH12: =SUMIF('Rig 109'!$B:$B,Lists!$A$24,'Rig 109'!$F:$F) -> 0 | EI12: =SUMIF('Rig 109'!$B:$B,Lists!$A$24,'Rig 109'!$G:$G) -> 0 | EJ12: =SUMIF('Rig 109'!$B:$B,Lists!$A$24,'Rig 109'!$H:$H) -> 0 | EK12: =SUMIF('Rig 109'!$B:$B,Lists!$A$24,'Rig 109'!$I:$I) -> 0 | EL12: =SUMIF('Rig 109'!$B:$B,Lists!$A$25,'Rig 109'!$C:$C) -> 30 | EM12: =SUMIF('Rig 109'!$B:$B,Lists!$A$25,'Rig 109'!$E:$E) -> 17 | EN12: =SUMIF('Rig 109'!$B:$B,Lists!$A$25,'Rig 109'!$F:$F) -> 0 | EO12: =SUMIF('Rig 109'!$B:$B,Lists!$A$25,'Rig 109'!$G:$G) -> 0 | EP12: =SUMIF('Rig 109'!$B:$B,Lists!$A$25,'Rig 109'!$H:$H) -> 0 | EQ12: =SUMIF('Rig 109'!$B:$B,Lists!$A$25,'Rig 109'!$I:$I) -> 0 | ER12: =SUMIF('Rig 109'!$B:$B,Lists!$A$26,'Rig 109'!$C:$C) -> 0 | ES12: =SUMIF('Rig 109'!$B:$B,Lists!$A$26,'Rig 109'!$E:$E) -> 0 | ET12: =SUMIF('Rig 109'!$B:$B,Lists!$A$26,'Rig 109'!$F:$F) -> 0 | EU12: =SUMIF('Rig 109'!$B:$B,Lists!$A$26,'Rig 109'!$G:$G) -> 0 | EV12: =SUMIF('Rig 109'!$B:$B,Lists!$A$26,'Rig 109'!$H:$H) -> 0 | EW12: =SUMIF('Rig 109'!$B:$B,Lists!$A$26,'Rig 109'!$I:$I) -> 0 | EX12: =SUMIF('Rig 109'!$B:$B,Lists!$A$27,'Rig 109'!$C:$C) -> 0 | EY12: =SUMIF('Rig 109'!$B:$B,Lists!$A$27,'Rig 109'!$E:$E) -> 0 | EZ12: =SUMIF('Rig 109'!$B:$B,Lists!$A$27,'Rig 109'!$F:$F) -> 0 | FA12: =SUMIF('Rig 109'!$B:$B,Lists!$A$27,'Rig 109'!$G:$G) -> 0 | FB12: =SUMIF('Rig 109'!$B:$B,Lists!$A$27,'Rig 109'!$H:$H) -> 0 | FC12: =SUMIF('Rig 109'!$B:$B,Lists!$A$27,'Rig 109'!$I:$I) -> 0 | FD12: =SUMIF('Rig 109'!$B:$B,Lists!$A$28,'Rig 109'!$C:$C) -> 0 | FE12: =SUMIF('Rig 109'!$B:$B,Lists!$A$28,'Rig 109'!$E:$E) -> 0 | FF12: =SUMIF('Rig 109'!$B:$B,Lists!$A$28,'Rig 109'!$F:$F) -> 0 | FG12: =SUMIF('Rig 109'!$B:$B,Lists!$A$28,'Rig 109'!$G:$G) -> 0 | FH12: =SUMIF('Rig 109'!$B:$B,Lists!$A$28,'Rig 109'!$H:$H) -> 0 | FI12: =SUMIF('Rig 109'!$B:$B,Lists!$A$28,'Rig 109'!$I:$I) -> 0 | FJ12: =SUMIF('Rig 109'!$B:$B,Lists!$A$29,'Rig 109'!$C:$C) -> 20 | FK12: =SUMIF('Rig 109'!$B:$B,Lists!$A$29,'Rig 109'!$E:$E) -> 20 | FL12: =SUMIF('Rig 109'!$B:$B,Lists!$A$29,'Rig 109'!$F:$F) -> 0 | FM12: =SUMIF('Rig 109'!$B:$B,Lists!$A$29,'Rig 109'!$G:$G) -> 0 | FN12: =SUMIF('Rig 109'!$B:$B,Lists!$A$29,'Rig 109'!$H:$H) -> 0 | FO12: =SUMIF('Rig 109'!$B:$B,Lists!$A$29,'Rig 109'!$I:$I) -> 0 | FP12: =SUMIF('Rig 109'!$B:$B,Lists!$A$30,'Rig 109'!$C:$C) -> 0 | FQ12: =SUMIF('Rig 109'!$B:$B,Lists!$A$30,'Rig 109'!$E:$E) -> 0 | FR12: =SUMIF('Rig 109'!$B:$B,Lists!$A$30,'Rig 109'!$F:$F) -> 0 | FS12: =SUMIF('Rig 109'!$B:$B,Lists!$A$30,'Rig 109'!$G:$G) -> 0 | FT12: =SUMIF('Rig 109'!$B:$B,Lists!$A$30,'Rig 109'!$H:$H) -> 0 | FU12: =SUMIF('Rig 109'!$B:$B,Lists!$A$30,'Rig 109'!$I:$I) -> 0 | FV12: =SUMIF('Rig 109'!$B:$B,Lists!$A$31,'Rig 109'!$C:$C) -> 0 | FW12: =SUMIF('Rig 109'!$B:$B,Lists!$A$31,'Rig 109'!$E:$E) -> 0 | FX12: =SUMIF('Rig 109'!$B:$B,Lists!$A$31,'Rig 109'!$F:$F) -> 0 | FY12: =SUMIF('Rig 109'!$B:$B,Lists!$A$31,'Rig 109'!$G:$G) -> 0 | FZ12: =SUMIF('Rig 109'!$B:$B,Lists!$A$31,'Rig 109'!$H:$H) -> 0 | GA12: =SUMIF('Rig 109'!$B:$B,Lists!$A$31,'Rig 109'!$I:$I) -> 0 | GB12: =SUMIF('Rig 109'!$B:$B,Lists!$A$32,'Rig 109'!$C:$C) -> 0 | GC12: =SUMIF('Rig 109'!$B:$B,Lists!$A$32,'Rig 109'!$E:$E) -> 0 | GD12: =SUMIF('Rig 109'!$B:$B,Lists!$A$32,'Rig 109'!$F:$F) -> 0 | GE12: =SUMIF('Rig 109'!$B:$B,Lists!$A$32,'Rig 109'!$G:$G) -> 0 | GF12: =SUMIF('Rig 109'!$B:$B,Lists!$A$32,'Rig 109'!$H:$H) -> 0 | GG12: =SUMIF('Rig 109'!$B:$B,Lists!$A$32,'Rig 109'!$I:$I) -> 0 | GH12: =SUMIF('Rig 109'!$B:$B,Lists!$A$33,'Rig 109'!$C:$C) -> 0 | GI12: =SUMIF('Rig 109'!$B:$B,Lists!$A$33,'Rig 109'!$E:$E) -> 0 | GJ12: =SUMIF('Rig 109'!$B:$B,Lists!$A$33,'Rig 109'!$F:$F) -> 0 | GK12: =SUMIF('Rig 109'!$B:$B,Lists!$A$33,'Rig 109'!$G:$G) -> 0 | GL12: =SUMIF('Rig 109'!$B:$B,Lists!$A$33,'Rig 109'!$H:$H) -> 0 | GM12: =SUMIF('Rig 109'!$B:$B,Lists!$A$33,'Rig 109'!$I:$I) -> 0 | GN12: =SUMIF('Rig 109'!$B:$B,Lists!$A$34,'Rig 109'!$C:$C) -> 0 | GO12: =SUMIF('Rig 109'!$B:$B,Lists!$A$34,'Rig 109'!$E:$E) -> 0 | GP12: =SUMIF('Rig 109'!$B:$B,Lists!$A$34,'Rig 109'!$F:$F) -> 0 | GQ12: =SUMIF('Rig 109'!$B:$B,Lists!$A$34,'Rig 109'!$G:$G) -> 0 | GR12: =SUMIF('Rig 109'!$B:$B,Lists!$A$34,'Rig 109'!$H:$H) -> 0 | GS12: =SUMIF('Rig 109'!$B:$B,Lists!$A$34,'Rig 109'!$I:$I) -> 0 | GT12: =SUMIF('Rig 109'!$B:$B,Lists!$A$35,'Rig 109'!$C:$C) -> 0 | GU12: =SUMIF('Rig 109'!$B:$B,Lists!$A$35,'Rig 109'!$E:$E) -> 0 | GV12: =SUMIF('Rig 109'!$B:$B,Lists!$A$35,'Rig 109'!$F:$F) -> 0 | GW12: =SUMIF('Rig 109'!$B:$B,Lists!$A$35,'Rig 109'!$G:$G) -> 0 | GX12: =SUMIF('Rig 109'!$B:$B,Lists!$A$35,'Rig 109'!$H:$H) -> 0 | GY12: =SUMIF('Rig 109'!$B:$B,Lists!$A$35,'Rig 109'!$I:$I) -> 0 | GZ12: =SUMIF('Rig 109'!$B:$B,Lists!$A$36,'Rig 109'!$C:$C) -> 0 | HA12: =SUMIF('Rig 109'!$B:$B,Lists!$A$36,'Rig 109'!$E:$E) -> 0 | HB12: =SUMIF('Rig 109'!$B:$B,Lists!$A$36,'Rig 109'!$F:$F) -> 0 | HC12: =SUMIF('Rig 109'!$B:$B,Lists!$A$36,'Rig 109'!$G:$G) -> 0 | HD12: =SUMIF('Rig 109'!$B:$B,Lists!$A$36,'Rig 109'!$H:$H) -> 0 | HE12: =SUMIF('Rig 109'!$B:$B,Lists!$A$36,'Rig 109'!$I:$I) -> 0 | HF12: =SUMIF('Rig 109'!$B:$B,Lists!$A$37,'Rig 109'!$C:$C) -> 0 | HG12: =SUMIF('Rig 109'!$B:$B,Lists!$A$37,'Rig 109'!$E:$E) -> 0 | HH12: =SUMIF('Rig 109'!$B:$B,Lists!$A$37,'Rig 109'!$F:$F) -> 0 | HI12: =SUMIF('Rig 109'!$B:$B,Lists!$A$37,'Rig 109'!$G:$G) -> 0 | HJ12: =SUMIF('Rig 109'!$B:$B,Lists!$A$37,'Rig 109'!$H:$H) -> 0 | HK12: =SUMIF('Rig 109'!$B:$B,Lists!$A$37,'Rig 109'!$I:$I) -> 0 | HL12: =SUMIF('Rig 109'!$B:$B,Lists!$A$38,'Rig 109'!$C:$C) -> 0 | HM12: =SUMIF('Rig 109'!$B:$B,Lists!$A$38,'Rig 109'!$E:$E) -> 0 | HN12: =SUMIF('Rig 109'!$B:$B,Lists!$A$38,'Rig 109'!$F:$F) -> 0 | HO12: =SUMIF('Rig 109'!$B:$B,Lists!$A$38,'Rig 109'!$G:$G) -> 0 | HP12: =SUMIF('Rig 109'!$B:$B,Lists!$A$38,'Rig 109'!$H:$H) -> 0 | HQ12: =SUMIF('Rig 109'!$B:$B,Lists!$A$38,'Rig 109'!$I:$I) -> 0 | HR12: =SUMIF('Rig 109'!$B:$B,Lists!$A$39,'Rig 109'!$C:$C) -> 6 | HS12: =SUMIF('Rig 109'!$B:$B,Lists!$A$39,'Rig 109'!$E:$E) -> 0 | HT12: =SUMIF('Rig 109'!$B:$B,Lists!$A$39,'Rig 109'!$F:$F) -> 0 | HU12: =SUMIF('Rig 109'!$B:$B,Lists!$A$39,'Rig 109'!$G:$G) -> 0 | HV12: =SUMIF('Rig 109'!$B:$B,Lists!$A$39,'Rig 109'!$H:$H) -> 0 | HW12: =SUMIF('Rig 109'!$B:$B,Lists!$A$39,'Rig 109'!$I:$I) -> 0 | HX12: =SUMIF('Rig 109'!$B:$B,Lists!$A$40,'Rig 109'!$C:$C) -> 0 | HY12: =SUMIF('Rig 109'!$B:$B,Lists!$A$40,'Rig 109'!$E:$E) -> 0 | HZ12: =SUMIF('Rig 109'!$B:$B,Lists!$A$40,'Rig 109'!$F:$F) -> 0 | IA12: =SUMIF('Rig 109'!$B:$B,Lists!$A$40,'Rig 109'!$G:$G) -> 0 | IB12: =SUMIF('Rig 109'!$B:$B,Lists!$A$40,'Rig 109'!$H:$H) -> 0 | IC12: =SUMIF('Rig 109'!$B:$B,Lists!$A$40,'Rig 109'!$I:$I) -> 0 | ID12: =SUMIF('Rig 109'!$B:$B,Lists!$A$41,'Rig 109'!$C:$C) -> 0 | IE12: =SUMIF('Rig 109'!$B:$B,Lists!$A$41,'Rig 109'!$E:$E) -> 0 | IF12: =SUMIF('Rig 109'!$B:$B,Lists!$A$41,'Rig 109'!$F:$F) -> 0 | IG12: =SUMIF('Rig 109'!$B:$B,Lists!$A$41,'Rig 109'!$G:$G) -> 0 | IH12: =SUMIF('Rig 109'!$B:$B,Lists!$A$41,'Rig 109'!$H:$H) -> 0 | II12: =SUMIF('Rig 109'!$B:$B,Lists!$A$41,'Rig 109'!$I:$I) -> 0
A13: Rig 110 | B13: ='Rig 110'!D2 -> 46160 | C13: Joints | D13: =SUMIF('Rig 110'!$B:$B,Lists!$A$2,'Rig 110'!$C:$C) -> 0 | E13: =SUMIF('Rig 110'!$B:$B,Lists!$A$2,'Rig 110'!$E:$E) -> 0 | F13: =SUMIF('Rig 110'!$B:$B,Lists!$A$2,'Rig 110'!$F:$F) -> 0 | G13: =SUMIF('Rig 110'!$B:$B,Lists!$A$2,'Rig 110'!$G:$G) -> 0 | H13: =SUMIF('Rig 110'!$B:$B,Lists!$A$2,'Rig 110'!$H:$H) -> 0 | I13: =SUMIF('Rig 110'!$B:$B,Lists!$A$2,'Rig 110'!$I:$I) -> 0 | J13: =SUMIF('Rig 110'!$B:$B,Lists!$A$3,'Rig 110'!$C:$C) -> 0 | K13: =SUMIF('Rig 110'!$B:$B,Lists!$A$3,'Rig 110'!$E:$E) -> 0 | L13: =SUMIF('Rig 110'!$B:$B,Lists!$A$3,'Rig 110'!$F:$F) -> 0 | M13: =SUMIF('Rig 110'!$B:$B,Lists!$A$3,'Rig 110'!$G:$G) -> 0 | N13: =SUMIF('Rig 110'!$B:$B,Lists!$A$3,'Rig 110'!$H:$H) -> 0 | O13: =SUMIF('Rig 110'!$B:$B,Lists!$A$3,'Rig 110'!$I:$I) -> 0 | P13: =SUMIF('Rig 110'!$B:$B,Lists!$A$4,'Rig 110'!$C:$C) -> 0 | Q13: =SUMIF('Rig 110'!$B:$B,Lists!$A$4,'Rig 110'!$E:$E) -> 0 | R13: =SUMIF('Rig 110'!$B:$B,Lists!$A$4,'Rig 110'!$F:$F) -> 0 | S13: =SUMIF('Rig 110'!$B:$B,Lists!$A$4,'Rig 110'!$G:$G) -> 0 | T13: =SUMIF('Rig 110'!$B:$B,Lists!$A$4,'Rig 110'!$H:$H) -> 0 | U13: =SUMIF('Rig 110'!$B:$B,Lists!$A$4,'Rig 110'!$I:$I) -> 0 | V13: =SUMIF('Rig 110'!$B:$B,Lists!$A$5,'Rig 110'!$C:$C) -> 0 | W13: =SUMIF('Rig 110'!$B:$B,Lists!$A$5,'Rig 110'!$E:$E) -> 0 | X13: =SUMIF('Rig 110'!$B:$B,Lists!$A$5,'Rig 110'!$F:$F) -> 0 | Y13: =SUMIF('Rig 110'!$B:$B,Lists!$A$5,'Rig 110'!$G:$G) -> 0 | Z13: =SUMIF('Rig 110'!$B:$B,Lists!$A$5,'Rig 110'!$H:$H) -> 0 | AA13: =SUMIF('Rig 110'!$B:$B,Lists!$A$5,'Rig 110'!$I:$I) -> 0 | AB13: =SUMIF('Rig 110'!$B:$B,Lists!$A$6,'Rig 110'!$C:$C) -> 208 | AC13: =SUMIF('Rig 110'!$B:$B,Lists!$A$6,'Rig 110'!$E:$E) -> 252 | AD13: =SUMIF('Rig 110'!$B:$B,Lists!$A$6,'Rig 110'!$F:$F) -> 0 | AE13: =SUMIF('Rig 110'!$B:$B,Lists!$A$6,'Rig 110'!$G:$G) -> 0 | AF13: =SUMIF('Rig 110'!$B:$B,Lists!$A$6,'Rig 110'!$H:$H) -> 0 | AG13: =SUMIF('Rig 110'!$B:$B,Lists!$A$6,'Rig 110'!$I:$I) -> 0 | AH13: =SUMIF('Rig 110'!$B:$B,Lists!$A$7,'Rig 110'!$C:$C) -> 0 | AI13: =SUMIF('Rig 110'!$B:$B,Lists!$A$7,'Rig 110'!$E:$E) -> 0 | AJ13: =SUMIF('Rig 110'!$B:$B,Lists!$A$7,'Rig 110'!$F:$F) -> 0 | AK13: =SUMIF('Rig 110'!$B:$B,Lists!$A$7,'Rig 110'!$G:$G) -> 0 | AL13: =SUMIF('Rig 110'!$B:$B,Lists!$A$7,'Rig 110'!$H:$H) -> 0 | AM13: =SUMIF('Rig 110'!$B:$B,Lists!$A$7,'Rig 110'!$I:$I) -> 0 | AN13: =SUMIF('Rig 110'!$B:$B,Lists!$A$8,'Rig 110'!$C:$C) -> 0 | AO13: =SUMIF('Rig 110'!$B:$B,Lists!$A$8,'Rig 110'!$E:$E) -> 0 | AP13: =SUMIF('Rig 110'!$B:$B,Lists!$A$8,'Rig 110'!$F:$F) -> 0 | AQ13: =SUMIF('Rig 110'!$B:$B,Lists!$A$8,'Rig 110'!$G:$G) -> 0 | AR13: =SUMIF('Rig 110'!$B:$B,Lists!$A$8,'Rig 110'!$H:$H) -> 0 | AS13: =SUMIF('Rig 110'!$B:$B,Lists!$A$8,'Rig 110'!$I:$I) -> 0 | AT13: =SUMIF('Rig 110'!$B:$B,Lists!$A$9,'Rig 110'!$C:$C) -> 0 | AU13: =SUMIF('Rig 110'!$B:$B,Lists!$A$9,'Rig 110'!$E:$E) -> 0 | AV13: =SUMIF('Rig 110'!$B:$B,Lists!$A$9,'Rig 110'!$F:$F) -> 0 | AW13: =SUMIF('Rig 110'!$B:$B,Lists!$A$9,'Rig 110'!$G:$G) -> 0 | AX13: =SUMIF('Rig 110'!$B:$B,Lists!$A$9,'Rig 110'!$H:$H) -> 0 | AY13: =SUMIF('Rig 110'!$B:$B,Lists!$A$9,'Rig 110'!$I:$I) -> 0 | AZ13: =SUMIF('Rig 110'!$B:$B,Lists!$A$10,'Rig 110'!$C:$C) -> 0 | BA13: =SUMIF('Rig 110'!$B:$B,Lists!$A$10,'Rig 110'!$E:$E) -> 0 | BB13: =SUMIF('Rig 110'!$B:$B,Lists!$A$10,'Rig 110'!$F:$F) -> 0 | BC13: =SUMIF('Rig 110'!$B:$B,Lists!$A$10,'Rig 110'!$G:$G) -> 0 | BD13: =SUMIF('Rig 110'!$B:$B,Lists!$A$10,'Rig 110'!$H:$H) -> 0 | BE13: =SUMIF('Rig 110'!$B:$B,Lists!$A$10,'Rig 110'!$I:$I) -> 0 | BF13: =SUMIF('Rig 110'!$B:$B,Lists!$A$11,'Rig 110'!$C:$C) -> 208 | BG13: =SUMIF('Rig 110'!$B:$B,Lists!$A$11,'Rig 110'!$E:$E) -> 192 | BH13: =SUMIF('Rig 110'!$B:$B,Lists!$A$11,'Rig 110'!$F:$F) -> 0 | BI13: =SUMIF('Rig 110'!$B:$B,Lists!$A$11,'Rig 110'!$G:$G) -> 0 | BJ13: =SUMIF('Rig 110'!$B:$B,Lists!$A$11,'Rig 110'!$H:$H) -> 0 | BK13: =SUMIF('Rig 110'!$B:$B,Lists!$A$11,'Rig 110'!$I:$I) -> 0 | BL13: =SUMIF('Rig 110'!$B:$B,Lists!$A$12,'Rig 110'!$C:$C) -> 0 | BM13: =SUMIF('Rig 110'!$B:$B,Lists!$A$12,'Rig 110'!$E:$E) -> 0 | BN13: =SUMIF('Rig 110'!$B:$B,Lists!$A$12,'Rig 110'!$F:$F) -> 0 | BO13: =SUMIF('Rig 110'!$B:$B,Lists!$A$12,'Rig 110'!$G:$G) -> 0 | BP13: =SUMIF('Rig 110'!$B:$B,Lists!$A$12,'Rig 110'!$H:$H) -> 0 | BQ13: =SUMIF('Rig 110'!$B:$B,Lists!$A$12,'Rig 110'!$I:$I) -> 0 | BR13: =SUMIF('Rig 110'!$B:$B,Lists!$A$13,'Rig 110'!$C:$C) -> 0 | BS13: =SUMIF('Rig 110'!$B:$B,Lists!$A$13,'Rig 110'!$E:$E) -> 0 | BT13: =SUMIF('Rig 110'!$B:$B,Lists!$A$13,'Rig 110'!$F:$F) -> 0 | BU13: =SUMIF('Rig 110'!$B:$B,Lists!$A$13,'Rig 110'!$G:$G) -> 0 | BV13: =SUMIF('Rig 110'!$B:$B,Lists!$A$13,'Rig 110'!$H:$H) -> 0 | BW13: =SUMIF('Rig 110'!$B:$B,Lists!$A$13,'Rig 110'!$I:$I) -> 0 | BX13: =SUMIF('Rig 110'!$B:$B,Lists!$A$14,'Rig 110'!$C:$C) -> 0 | BY13: =SUMIF('Rig 110'!$B:$B,Lists!$A$14,'Rig 110'!$E:$E) -> 0 | BZ13: =SUMIF('Rig 110'!$B:$B,Lists!$A$14,'Rig 110'!$F:$F) -> 0 | CA13: =SUMIF('Rig 110'!$B:$B,Lists!$A$14,'Rig 110'!$G:$G) -> 0 | CB13: =SUMIF('Rig 110'!$B:$B,Lists!$A$14,'Rig 110'!$H:$H) -> 0 | CC13: =SUMIF('Rig 110'!$B:$B,Lists!$A$14,'Rig 110'!$I:$I) -> 0 | CD13: =SUMIF('Rig 110'!$B:$B,Lists!$A$15,'Rig 110'!$C:$C) -> 0 | CE13: =SUMIF('Rig 110'!$B:$B,Lists!$A$15,'Rig 110'!$E:$E) -> 0 | CF13: =SUMIF('Rig 110'!$B:$B,Lists!$A$15,'Rig 110'!$F:$F) -> 0 | CG13: =SUMIF('Rig 110'!$B:$B,Lists!$A$15,'Rig 110'!$G:$G) -> 0 | CH13: =SUMIF('Rig 110'!$B:$B,Lists!$A$15,'Rig 110'!$H:$H) -> 0 | CI13: =SUMIF('Rig 110'!$B:$B,Lists!$A$15,'Rig 110'!$I:$I) -> 0 | CJ13: =SUMIF('Rig 110'!$B:$B,Lists!$A$16,'Rig 110'!$C:$C) -> 0 | CK13: =SUMIF('Rig 110'!$B:$B,Lists!$A$16,'Rig 110'!$E:$E) -> 0 | CL13: =SUMIF('Rig 110'!$B:$B,Lists!$A$16,'Rig 110'!$F:$F) -> 0 | CM13: =SUMIF('Rig 110'!$B:$B,Lists!$A$16,'Rig 110'!$G:$G) -> 0 | CN13: =SUMIF('Rig 110'!$B:$B,Lists!$A$16,'Rig 110'!$H:$H) -> 0 | CO13: =SUMIF('Rig 110'!$B:$B,Lists!$A$16,'Rig 110'!$I:$I) -> 0 | CP13: =SUMIF('Rig 110'!$B:$B,Lists!$A$17,'Rig 110'!$C:$C) -> 0 | CQ13: =SUMIF('Rig 110'!$B:$B,Lists!$A$17,'Rig 110'!$E:$E) -> 0 | CR13: =SUMIF('Rig 110'!$B:$B,Lists!$A$17,'Rig 110'!$F:$F) -> 0 | CS13: =SUMIF('Rig 110'!$B:$B,Lists!$A$17,'Rig 110'!$G:$G) -> 0 | CT13: =SUMIF('Rig 110'!$B:$B,Lists!$A$17,'Rig 110'!$H:$H) -> 0 | CU13: =SUMIF('Rig 110'!$B:$B,Lists!$A$17,'Rig 110'!$I:$I) -> 0 | CV13: =SUMIF('Rig 110'!$B:$B,Lists!$A$18,'Rig 110'!$C:$C) -> 38 | CW13: =SUMIF('Rig 110'!$B:$B,Lists!$A$18,'Rig 110'!$E:$E) -> 12 | CX13: =SUMIF('Rig 110'!$B:$B,Lists!$A$18,'Rig 110'!$F:$F) -> 0 | CY13: =SUMIF('Rig 110'!$B:$B,Lists!$A$18,'Rig 110'!$G:$G) -> 0 | CZ13: =SUMIF('Rig 110'!$B:$B,Lists!$A$18,'Rig 110'!$H:$H) -> 0 | DA13: =SUMIF('Rig 110'!$B:$B,Lists!$A$18,'Rig 110'!$I:$I) -> 0 | DB13: =SUMIF('Rig 110'!$B:$B,Lists!$A$19,'Rig 110'!$C:$C) -> 38 | DC13: =SUMIF('Rig 110'!$B:$B,Lists!$A$19,'Rig 110'!$E:$E) -> 32 | DD13: =SUMIF('Rig 110'!$B:$B,Lists!$A$19,'Rig 110'!$F:$F) -> 0 | DE13: =SUMIF('Rig 110'!$B:$B,Lists!$A$19,'Rig 110'!$G:$G) -> 0 | DF13: =SUMIF('Rig 110'!$B:$B,Lists!$A$19,'Rig 110'!$H:$H) -> 0 | DG13: =SUMIF('Rig 110'!$B:$B,Lists!$A$19,'Rig 110'!$I:$I) -> 0 | DH13: =SUMIF('Rig 110'!$B:$B,Lists!$A$20,'Rig 110'!$C:$C) -> 0 | DI13: =SUMIF('Rig 110'!$B:$B,Lists!$A$20,'Rig 110'!$E:$E) -> 0 | DJ13: =SUMIF('Rig 110'!$B:$B,Lists!$A$20,'Rig 110'!$F:$F) -> 0 | DK13: =SUMIF('Rig 110'!$B:$B,Lists!$A$20,'Rig 110'!$G:$G) -> 0 | DL13: =SUMIF('Rig 110'!$B:$B,Lists!$A$20,'Rig 110'!$H:$H) -> 0 | DM13: =SUMIF('Rig 110'!$B:$B,Lists!$A$20,'Rig 110'!$I:$I) -> 0 | DN13: =SUMIF('Rig 110'!$B:$B,Lists!$A$21,'Rig 110'!$C:$C) -> 0 | DO13: =SUMIF('Rig 110'!$B:$B,Lists!$A$21,'Rig 110'!$E:$E) -> 0 | DP13: =SUMIF('Rig 110'!$B:$B,Lists!$A$21,'Rig 110'!$F:$F) -> 0 | DQ13: =SUMIF('Rig 110'!$B:$B,Lists!$A$21,'Rig 110'!$G:$G) -> 0 | DR13: =SUMIF('Rig 110'!$B:$B,Lists!$A$21,'Rig 110'!$H:$H) -> 0 | DS13: =SUMIF('Rig 110'!$B:$B,Lists!$A$21,'Rig 110'!$I:$I) -> 0 | DT13: =SUMIF('Rig 110'!$B:$B,Lists!$A$22,'Rig 110'!$C:$C) -> 3 | DU13: =SUMIF('Rig 110'!$B:$B,Lists!$A$22,'Rig 110'!$E:$E) -> 3 | DV13: =SUMIF('Rig 110'!$B:$B,Lists!$A$22,'Rig 110'!$F:$F) -> 0 | DW13: =SUMIF('Rig 110'!$B:$B,Lists!$A$22,'Rig 110'!$G:$G) -> 0 | DX13: =SUMIF('Rig 110'!$B:$B,Lists!$A$22,'Rig 110'!$H:$H) -> 0 | DY13: =SUMIF('Rig 110'!$B:$B,Lists!$A$22,'Rig 110'!$I:$I) -> 0 | DZ13: =SUMIF('Rig 110'!$B:$B,Lists!$A$23,'Rig 110'!$C:$C) -> 0 | EA13: =SUMIF('Rig 110'!$B:$B,Lists!$A$23,'Rig 110'!$E:$E) -> 0 | EB13: =SUMIF('Rig 110'!$B:$B,Lists!$A$23,'Rig 110'!$F:$F) -> 0 | EC13: =SUMIF('Rig 110'!$B:$B,Lists!$A$23,'Rig 110'!$G:$G) -> 0 | ED13: =SUMIF('Rig 110'!$B:$B,Lists!$A$23,'Rig 110'!$H:$H) -> 0 | EE13: =SUMIF('Rig 110'!$B:$B,Lists!$A$23,'Rig 110'!$I:$I) -> 0 | EF13: =SUMIF('Rig 110'!$B:$B,Lists!$A$24,'Rig 110'!$C:$C) -> 20 | EG13: =SUMIF('Rig 110'!$B:$B,Lists!$A$24,'Rig 110'!$E:$E) -> 18 | EH13: =SUMIF('Rig 110'!$B:$B,Lists!$A$24,'Rig 110'!$F:$F) -> 0 | EI13: =SUMIF('Rig 110'!$B:$B,Lists!$A$24,'Rig 110'!$G:$G) -> 0 | EJ13: =SUMIF('Rig 110'!$B:$B,Lists!$A$24,'Rig 110'!$H:$H) -> 0 | EK13: =SUMIF('Rig 110'!$B:$B,Lists!$A$24,'Rig 110'!$I:$I) -> 0 | EL13: =SUMIF('Rig 110'!$B:$B,Lists!$A$25,'Rig 110'!$C:$C) -> 12 | EM13: =SUMIF('Rig 110'!$B:$B,Lists!$A$25,'Rig 110'!$E:$E) -> 12 | EN13: =SUMIF('Rig 110'!$B:$B,Lists!$A$25,'Rig 110'!$F:$F) -> 0 | EO13: =SUMIF('Rig 110'!$B:$B,Lists!$A$25,'Rig 110'!$G:$G) -> 0 | EP13: =SUMIF('Rig 110'!$B:$B,Lists!$A$25,'Rig 110'!$H:$H) -> 0 | EQ13: =SUMIF('Rig 110'!$B:$B,Lists!$A$25,'Rig 110'!$I:$I) -> 0 | ER13: =SUMIF('Rig 110'!$B:$B,Lists!$A$26,'Rig 110'!$C:$C) -> 0 | ES13: =SUMIF('Rig 110'!$B:$B,Lists!$A$26,'Rig 110'!$E:$E) -> 0 | ET13: =SUMIF('Rig 110'!$B:$B,Lists!$A$26,'Rig 110'!$F:$F) -> 0 | EU13: =SUMIF('Rig 110'!$B:$B,Lists!$A$26,'Rig 110'!$G:$G) -> 0 | EV13: =SUMIF('Rig 110'!$B:$B,Lists!$A$26,'Rig 110'!$H:$H) -> 0 | EW13: =SUMIF('Rig 110'!$B:$B,Lists!$A$26,'Rig 110'!$I:$I) -> 0 | EX13: =SUMIF('Rig 110'!$B:$B,Lists!$A$27,'Rig 110'!$C:$C) -> 0 | EY13: =SUMIF('Rig 110'!$B:$B,Lists!$A$27,'Rig 110'!$E:$E) -> 0 | EZ13: =SUMIF('Rig 110'!$B:$B,Lists!$A$27,'Rig 110'!$F:$F) -> 0 | FA13: =SUMIF('Rig 110'!$B:$B,Lists!$A$27,'Rig 110'!$G:$G) -> 0 | FB13: =SUMIF('Rig 110'!$B:$B,Lists!$A$27,'Rig 110'!$H:$H) -> 0 | FC13: =SUMIF('Rig 110'!$B:$B,Lists!$A$27,'Rig 110'!$I:$I) -> 0 | FD13: =SUMIF('Rig 110'!$B:$B,Lists!$A$28,'Rig 110'!$C:$C) -> 0 | FE13: =SUMIF('Rig 110'!$B:$B,Lists!$A$28,'Rig 110'!$E:$E) -> 0 | FF13: =SUMIF('Rig 110'!$B:$B,Lists!$A$28,'Rig 110'!$F:$F) -> 0 | FG13: =SUMIF('Rig 110'!$B:$B,Lists!$A$28,'Rig 110'!$G:$G) -> 0 | FH13: =SUMIF('Rig 110'!$B:$B,Lists!$A$28,'Rig 110'!$H:$H) -> 0 | FI13: =SUMIF('Rig 110'!$B:$B,Lists!$A$28,'Rig 110'!$I:$I) -> 0 | FJ13: =SUMIF('Rig 110'!$B:$B,Lists!$A$29,'Rig 110'!$C:$C) -> 12 | FK13: =SUMIF('Rig 110'!$B:$B,Lists!$A$29,'Rig 110'!$E:$E) -> 12 | FL13: =SUMIF('Rig 110'!$B:$B,Lists!$A$29,'Rig 110'!$F:$F) -> 0 | FM13: =SUMIF('Rig 110'!$B:$B,Lists!$A$29,'Rig 110'!$G:$G) -> 0 | FN13: =SUMIF('Rig 110'!$B:$B,Lists!$A$29,'Rig 110'!$H:$H) -> 0 | FO13: =SUMIF('Rig 110'!$B:$B,Lists!$A$29,'Rig 110'!$I:$I) -> 0 | FP13: =SUMIF('Rig 110'!$B:$B,Lists!$A$30,'Rig 110'!$C:$C) -> 0 | FQ13: =SUMIF('Rig 110'!$B:$B,Lists!$A$30,'Rig 110'!$E:$E) -> 0 | FR13: =SUMIF('Rig 110'!$B:$B,Lists!$A$30,'Rig 110'!$F:$F) -> 0 | FS13: =SUMIF('Rig 110'!$B:$B,Lists!$A$30,'Rig 110'!$G:$G) -> 0 | FT13: =SUMIF('Rig 110'!$B:$B,Lists!$A$30,'Rig 110'!$H:$H) -> 0 | FU13: =SUMIF('Rig 110'!$B:$B,Lists!$A$30,'Rig 110'!$I:$I) -> 0 | FV13: =SUMIF('Rig 110'!$B:$B,Lists!$A$31,'Rig 110'!$C:$C) -> 0 | FW13: =SUMIF('Rig 110'!$B:$B,Lists!$A$31,'Rig 110'!$E:$E) -> 0 | FX13: =SUMIF('Rig 110'!$B:$B,Lists!$A$31,'Rig 110'!$F:$F) -> 0 | FY13: =SUMIF('Rig 110'!$B:$B,Lists!$A$31,'Rig 110'!$G:$G) -> 0 | FZ13: =SUMIF('Rig 110'!$B:$B,Lists!$A$31,'Rig 110'!$H:$H) -> 0 | GA13: =SUMIF('Rig 110'!$B:$B,Lists!$A$31,'Rig 110'!$I:$I) -> 0 | GB13: =SUMIF('Rig 110'!$B:$B,Lists!$A$32,'Rig 110'!$C:$C) -> 0 | GC13: =SUMIF('Rig 110'!$B:$B,Lists!$A$32,'Rig 110'!$E:$E) -> 0 | GD13: =SUMIF('Rig 110'!$B:$B,Lists!$A$32,'Rig 110'!$F:$F) -> 0 | GE13: =SUMIF('Rig 110'!$B:$B,Lists!$A$32,'Rig 110'!$G:$G) -> 0 | GF13: =SUMIF('Rig 110'!$B:$B,Lists!$A$32,'Rig 110'!$H:$H) -> 0 | GG13: =SUMIF('Rig 110'!$B:$B,Lists!$A$32,'Rig 110'!$I:$I) -> 0 | GH13: =SUMIF('Rig 110'!$B:$B,Lists!$A$33,'Rig 110'!$C:$C) -> 0 | GI13: =SUMIF('Rig 110'!$B:$B,Lists!$A$33,'Rig 110'!$E:$E) -> 0 | GJ13: =SUMIF('Rig 110'!$B:$B,Lists!$A$33,'Rig 110'!$F:$F) -> 0 | GK13: =SUMIF('Rig 110'!$B:$B,Lists!$A$33,'Rig 110'!$G:$G) -> 0 | GL13: =SUMIF('Rig 110'!$B:$B,Lists!$A$33,'Rig 110'!$H:$H) -> 0 | GM13: =SUMIF('Rig 110'!$B:$B,Lists!$A$33,'Rig 110'!$I:$I) -> 0 | GN13: =SUMIF('Rig 110'!$B:$B,Lists!$A$34,'Rig 110'!$C:$C) -> 3 | GO13: =SUMIF('Rig 110'!$B:$B,Lists!$A$34,'Rig 110'!$E:$E) -> 6 | GP13: =SUMIF('Rig 110'!$B:$B,Lists!$A$34,'Rig 110'!$F:$F) -> 0 | GQ13: =SUMIF('Rig 110'!$B:$B,Lists!$A$34,'Rig 110'!$G:$G) -> 0 | GR13: =SUMIF('Rig 110'!$B:$B,Lists!$A$34,'Rig 110'!$H:$H) -> 0 | GS13: =SUMIF('Rig 110'!$B:$B,Lists!$A$34,'Rig 110'!$I:$I) -> 0 | GT13: =SUMIF('Rig 110'!$B:$B,Lists!$A$35,'Rig 110'!$C:$C) -> 0 | GU13: =SUMIF('Rig 110'!$B:$B,Lists!$A$35,'Rig 110'!$E:$E) -> 0 | GV13: =SUMIF('Rig 110'!$B:$B,Lists!$A$35,'Rig 110'!$F:$F) -> 0 | GW13: =SUMIF('Rig 110'!$B:$B,Lists!$A$35,'Rig 110'!$G:$G) -> 0 | GX13: =SUMIF('Rig 110'!$B:$B,Lists!$A$35,'Rig 110'!$H:$H) -> 0 | GY13: =SUMIF('Rig 110'!$B:$B,Lists!$A$35,'Rig 110'!$I:$I) -> 0 | GZ13: =SUMIF('Rig 110'!$B:$B,Lists!$A$36,'Rig 110'!$C:$C) -> 0 | HA13: =SUMIF('Rig 110'!$B:$B,Lists!$A$36,'Rig 110'!$E:$E) -> 0 | HB13: =SUMIF('Rig 110'!$B:$B,Lists!$A$36,'Rig 110'!$F:$F) -> 0 | HC13: =SUMIF('Rig 110'!$B:$B,Lists!$A$36,'Rig 110'!$G:$G) -> 0 | HD13: =SUMIF('Rig 110'!$B:$B,Lists!$A$36,'Rig 110'!$H:$H) -> 0 | HE13: =SUMIF('Rig 110'!$B:$B,Lists!$A$36,'Rig 110'!$I:$I) -> 0 | HF13: =SUMIF('Rig 110'!$B:$B,Lists!$A$37,'Rig 110'!$C:$C) -> 0 | HG13: =SUMIF('Rig 110'!$B:$B,Lists!$A$37,'Rig 110'!$E:$E) -> 0 | HH13: =SUMIF('Rig 110'!$B:$B,Lists!$A$37,'Rig 110'!$F:$F) -> 0 | HI13: =SUMIF('Rig 110'!$B:$B,Lists!$A$37,'Rig 110'!$G:$G) -> 0 | HJ13: =SUMIF('Rig 110'!$B:$B,Lists!$A$37,'Rig 110'!$H:$H) -> 0 | HK13: =SUMIF('Rig 110'!$B:$B,Lists!$A$37,'Rig 110'!$I:$I) -> 0 | HL13: =SUMIF('Rig 110'!$B:$B,Lists!$A$38,'Rig 110'!$C:$C) -> 0 | HM13: =SUMIF('Rig 110'!$B:$B,Lists!$A$38,'Rig 110'!$E:$E) -> 0 | HN13: =SUMIF('Rig 110'!$B:$B,Lists!$A$38,'Rig 110'!$F:$F) -> 0 | HO13: =SUMIF('Rig 110'!$B:$B,Lists!$A$38,'Rig 110'!$G:$G) -> 0 | HP13: =SUMIF('Rig 110'!$B:$B,Lists!$A$38,'Rig 110'!$H:$H) -> 0 | HQ13: =SUMIF('Rig 110'!$B:$B,Lists!$A$38,'Rig 110'!$I:$I) -> 0 | HR13: =SUMIF('Rig 110'!$B:$B,Lists!$A$39,'Rig 110'!$C:$C) -> 3 | HS13: =SUMIF('Rig 110'!$B:$B,Lists!$A$39,'Rig 110'!$E:$E) -> 4 | HT13: =SUMIF('Rig 110'!$B:$B,Lists!$A$39,'Rig 110'!$F:$F) -> 0 | HU13: =SUMIF('Rig 110'!$B:$B,Lists!$A$39,'Rig 110'!$G:$G) -> 0 | HV13: =SUMIF('Rig 110'!$B:$B,Lists!$A$39,'Rig 110'!$H:$H) -> 0 | HW13: =SUMIF('Rig 110'!$B:$B,Lists!$A$39,'Rig 110'!$I:$I) -> 0 | HX13: =SUMIF('Rig 110'!$B:$B,Lists!$A$40,'Rig 110'!$C:$C) -> 0 | HY13: =SUMIF('Rig 110'!$B:$B,Lists!$A$40,'Rig 110'!$E:$E) -> 0 | HZ13: =SUMIF('Rig 110'!$B:$B,Lists!$A$40,'Rig 110'!$F:$F) -> 0 | IA13: =SUMIF('Rig 110'!$B:$B,Lists!$A$40,'Rig 110'!$G:$G) -> 0 | IB13: =SUMIF('Rig 110'!$B:$B,Lists!$A$40,'Rig 110'!$H:$H) -> 0 | IC13: =SUMIF('Rig 110'!$B:$B,Lists!$A$40,'Rig 110'!$I:$I) -> 0 | ID13: =SUMIF('Rig 110'!$B:$B,Lists!$A$41,'Rig 110'!$C:$C) -> 0 | IE13: =SUMIF('Rig 110'!$B:$B,Lists!$A$41,'Rig 110'!$E:$E) -> 0 | IF13: =SUMIF('Rig 110'!$B:$B,Lists!$A$41,'Rig 110'!$F:$F) -> 0 | IG13: =SUMIF('Rig 110'!$B:$B,Lists!$A$41,'Rig 110'!$G:$G) -> 0 | IH13: =SUMIF('Rig 110'!$B:$B,Lists!$A$41,'Rig 110'!$H:$H) -> 0 | II13: =SUMIF('Rig 110'!$B:$B,Lists!$A$41,'Rig 110'!$I:$I) -> 0
A14: Rig 111 | B14: ='Rig 111'!D2 -> 46162 | C14: Joints | D14: =SUMIF('Rig 111'!$B:$B,Lists!$A$2,'Rig 111'!$C:$C) -> 0 | E14: =SUMIF('Rig 111'!$B:$B,Lists!$A$2,'Rig 111'!$E:$E) -> 0 | F14: =SUMIF('Rig 111'!$B:$B,Lists!$A$2,'Rig 111'!$F:$F) -> 0 | G14: =SUMIF('Rig 111'!$B:$B,Lists!$A$2,'Rig 111'!$G:$G) -> 0 | H14: =SUMIF('Rig 111'!$B:$B,Lists!$A$2,'Rig 111'!$H:$H) -> 0 | I14: =SUMIF('Rig 111'!$B:$B,Lists!$A$2,'Rig 111'!$I:$I) -> 0 | J14: =SUMIF('Rig 111'!$B:$B,Lists!$A$3,'Rig 111'!$C:$C) -> 0 | K14: =SUMIF('Rig 111'!$B:$B,Lists!$A$3,'Rig 111'!$E:$E) -> 0 | L14: =SUMIF('Rig 111'!$B:$B,Lists!$A$3,'Rig 111'!$F:$F) -> 0 | M14: =SUMIF('Rig 111'!$B:$B,Lists!$A$3,'Rig 111'!$G:$G) -> 0 | N14: =SUMIF('Rig 111'!$B:$B,Lists!$A$3,'Rig 111'!$H:$H) -> 0 | O14: =SUMIF('Rig 111'!$B:$B,Lists!$A$3,'Rig 111'!$I:$I) -> 0 | P14: =SUMIF('Rig 111'!$B:$B,Lists!$A$4,'Rig 111'!$C:$C) -> 0 | Q14: =SUMIF('Rig 111'!$B:$B,Lists!$A$4,'Rig 111'!$E:$E) -> 0 | R14: =SUMIF('Rig 111'!$B:$B,Lists!$A$4,'Rig 111'!$F:$F) -> 0 | S14: =SUMIF('Rig 111'!$B:$B,Lists!$A$4,'Rig 111'!$G:$G) -> 0 | T14: =SUMIF('Rig 111'!$B:$B,Lists!$A$4,'Rig 111'!$H:$H) -> 0 | U14: =SUMIF('Rig 111'!$B:$B,Lists!$A$4,'Rig 111'!$I:$I) -> 0 | V14: =SUMIF('Rig 111'!$B:$B,Lists!$A$5,'Rig 111'!$C:$C) -> 0 | W14: =SUMIF('Rig 111'!$B:$B,Lists!$A$5,'Rig 111'!$E:$E) -> 0 | X14: =SUMIF('Rig 111'!$B:$B,Lists!$A$5,'Rig 111'!$F:$F) -> 0 | Y14: =SUMIF('Rig 111'!$B:$B,Lists!$A$5,'Rig 111'!$G:$G) -> 0 | Z14: =SUMIF('Rig 111'!$B:$B,Lists!$A$5,'Rig 111'!$H:$H) -> 0 | AA14: =SUMIF('Rig 111'!$B:$B,Lists!$A$5,'Rig 111'!$I:$I) -> 0 | AB14: =SUMIF('Rig 111'!$B:$B,Lists!$A$6,'Rig 111'!$C:$C) -> 208 | AC14: =SUMIF('Rig 111'!$B:$B,Lists!$A$6,'Rig 111'!$E:$E) -> 208 | AD14: =SUMIF('Rig 111'!$B:$B,Lists!$A$6,'Rig 111'!$F:$F) -> 0 | AE14: =SUMIF('Rig 111'!$B:$B,Lists!$A$6,'Rig 111'!$G:$G) -> 0 | AF14: =SUMIF('Rig 111'!$B:$B,Lists!$A$6,'Rig 111'!$H:$H) -> 0 | AG14: =SUMIF('Rig 111'!$B:$B,Lists!$A$6,'Rig 111'!$I:$I) -> 0 | AH14: =SUMIF('Rig 111'!$B:$B,Lists!$A$7,'Rig 111'!$C:$C) -> 0 | AI14: =SUMIF('Rig 111'!$B:$B,Lists!$A$7,'Rig 111'!$E:$E) -> 0 | AJ14: =SUMIF('Rig 111'!$B:$B,Lists!$A$7,'Rig 111'!$F:$F) -> 0 | AK14: =SUMIF('Rig 111'!$B:$B,Lists!$A$7,'Rig 111'!$G:$G) -> 0 | AL14: =SUMIF('Rig 111'!$B:$B,Lists!$A$7,'Rig 111'!$H:$H) -> 0 | AM14: =SUMIF('Rig 111'!$B:$B,Lists!$A$7,'Rig 111'!$I:$I) -> 0 | AN14: =SUMIF('Rig 111'!$B:$B,Lists!$A$8,'Rig 111'!$C:$C) -> 0 | AO14: =SUMIF('Rig 111'!$B:$B,Lists!$A$8,'Rig 111'!$E:$E) -> 0 | AP14: =SUMIF('Rig 111'!$B:$B,Lists!$A$8,'Rig 111'!$F:$F) -> 0 | AQ14: =SUMIF('Rig 111'!$B:$B,Lists!$A$8,'Rig 111'!$G:$G) -> 0 | AR14: =SUMIF('Rig 111'!$B:$B,Lists!$A$8,'Rig 111'!$H:$H) -> 0 | AS14: =SUMIF('Rig 111'!$B:$B,Lists!$A$8,'Rig 111'!$I:$I) -> 0 | AT14: =SUMIF('Rig 111'!$B:$B,Lists!$A$9,'Rig 111'!$C:$C) -> 0 | AU14: =SUMIF('Rig 111'!$B:$B,Lists!$A$9,'Rig 111'!$E:$E) -> 0 | AV14: =SUMIF('Rig 111'!$B:$B,Lists!$A$9,'Rig 111'!$F:$F) -> 0 | AW14: =SUMIF('Rig 111'!$B:$B,Lists!$A$9,'Rig 111'!$G:$G) -> 0 | AX14: =SUMIF('Rig 111'!$B:$B,Lists!$A$9,'Rig 111'!$H:$H) -> 0 | AY14: =SUMIF('Rig 111'!$B:$B,Lists!$A$9,'Rig 111'!$I:$I) -> 0 | AZ14: =SUMIF('Rig 111'!$B:$B,Lists!$A$10,'Rig 111'!$C:$C) -> 0 | BA14: =SUMIF('Rig 111'!$B:$B,Lists!$A$10,'Rig 111'!$E:$E) -> 0 | BB14: =SUMIF('Rig 111'!$B:$B,Lists!$A$10,'Rig 111'!$F:$F) -> 0 | BC14: =SUMIF('Rig 111'!$B:$B,Lists!$A$10,'Rig 111'!$G:$G) -> 0 | BD14: =SUMIF('Rig 111'!$B:$B,Lists!$A$10,'Rig 111'!$H:$H) -> 0 | BE14: =SUMIF('Rig 111'!$B:$B,Lists!$A$10,'Rig 111'!$I:$I) -> 0 | BF14: =SUMIF('Rig 111'!$B:$B,Lists!$A$11,'Rig 111'!$C:$C) -> 208 | BG14: =SUMIF('Rig 111'!$B:$B,Lists!$A$11,'Rig 111'!$E:$E) -> 168 | BH14: =SUMIF('Rig 111'!$B:$B,Lists!$A$11,'Rig 111'!$F:$F) -> 0 | BI14: =SUMIF('Rig 111'!$B:$B,Lists!$A$11,'Rig 111'!$G:$G) -> 0 | BJ14: =SUMIF('Rig 111'!$B:$B,Lists!$A$11,'Rig 111'!$H:$H) -> 15 | BK14: =SUMIF('Rig 111'!$B:$B,Lists!$A$11,'Rig 111'!$I:$I) -> 0 | BL14: =SUMIF('Rig 111'!$B:$B,Lists!$A$12,'Rig 111'!$C:$C) -> 0 | BM14: =SUMIF('Rig 111'!$B:$B,Lists!$A$12,'Rig 111'!$E:$E) -> 0 | BN14: =SUMIF('Rig 111'!$B:$B,Lists!$A$12,'Rig 111'!$F:$F) -> 0 | BO14: =SUMIF('Rig 111'!$B:$B,Lists!$A$12,'Rig 111'!$G:$G) -> 0 | BP14: =SUMIF('Rig 111'!$B:$B,Lists!$A$12,'Rig 111'!$H:$H) -> 0 | BQ14: =SUMIF('Rig 111'!$B:$B,Lists!$A$12,'Rig 111'!$I:$I) -> 0 | BR14: =SUMIF('Rig 111'!$B:$B,Lists!$A$13,'Rig 111'!$C:$C) -> 0 | BS14: =SUMIF('Rig 111'!$B:$B,Lists!$A$13,'Rig 111'!$E:$E) -> 0 | BT14: =SUMIF('Rig 111'!$B:$B,Lists!$A$13,'Rig 111'!$F:$F) -> 0 | BU14: =SUMIF('Rig 111'!$B:$B,Lists!$A$13,'Rig 111'!$G:$G) -> 0 | BV14: =SUMIF('Rig 111'!$B:$B,Lists!$A$13,'Rig 111'!$H:$H) -> 0 | BW14: =SUMIF('Rig 111'!$B:$B,Lists!$A$13,'Rig 111'!$I:$I) -> 0 | BX14: =SUMIF('Rig 111'!$B:$B,Lists!$A$14,'Rig 111'!$C:$C) -> 0 | BY14: =SUMIF('Rig 111'!$B:$B,Lists!$A$14,'Rig 111'!$E:$E) -> 0 | BZ14: =SUMIF('Rig 111'!$B:$B,Lists!$A$14,'Rig 111'!$F:$F) -> 0 | CA14: =SUMIF('Rig 111'!$B:$B,Lists!$A$14,'Rig 111'!$G:$G) -> 0 | CB14: =SUMIF('Rig 111'!$B:$B,Lists!$A$14,'Rig 111'!$H:$H) -> 0 | CC14: =SUMIF('Rig 111'!$B:$B,Lists!$A$14,'Rig 111'!$I:$I) -> 0 | CD14: =SUMIF('Rig 111'!$B:$B,Lists!$A$15,'Rig 111'!$C:$C) -> 0 | CE14: =SUMIF('Rig 111'!$B:$B,Lists!$A$15,'Rig 111'!$E:$E) -> 0 | CF14: =SUMIF('Rig 111'!$B:$B,Lists!$A$15,'Rig 111'!$F:$F) -> 0 | CG14: =SUMIF('Rig 111'!$B:$B,Lists!$A$15,'Rig 111'!$G:$G) -> 0 | CH14: =SUMIF('Rig 111'!$B:$B,Lists!$A$15,'Rig 111'!$H:$H) -> 0 | CI14: =SUMIF('Rig 111'!$B:$B,Lists!$A$15,'Rig 111'!$I:$I) -> 0 | CJ14: =SUMIF('Rig 111'!$B:$B,Lists!$A$16,'Rig 111'!$C:$C) -> 0 | CK14: =SUMIF('Rig 111'!$B:$B,Lists!$A$16,'Rig 111'!$E:$E) -> 0 | CL14: =SUMIF('Rig 111'!$B:$B,Lists!$A$16,'Rig 111'!$F:$F) -> 0 | CM14: =SUMIF('Rig 111'!$B:$B,Lists!$A$16,'Rig 111'!$G:$G) -> 0 | CN14: =SUMIF('Rig 111'!$B:$B,Lists!$A$16,'Rig 111'!$H:$H) -> 0 | CO14: =SUMIF('Rig 111'!$B:$B,Lists!$A$16,'Rig 111'!$I:$I) -> 0 | CP14: =SUMIF('Rig 111'!$B:$B,Lists!$A$17,'Rig 111'!$C:$C) -> 0 | CQ14: =SUMIF('Rig 111'!$B:$B,Lists!$A$17,'Rig 111'!$E:$E) -> 0 | CR14: =SUMIF('Rig 111'!$B:$B,Lists!$A$17,'Rig 111'!$F:$F) -> 0 | CS14: =SUMIF('Rig 111'!$B:$B,Lists!$A$17,'Rig 111'!$G:$G) -> 0 | CT14: =SUMIF('Rig 111'!$B:$B,Lists!$A$17,'Rig 111'!$H:$H) -> 0 | CU14: =SUMIF('Rig 111'!$B:$B,Lists!$A$17,'Rig 111'!$I:$I) -> 0 | CV14: =SUMIF('Rig 111'!$B:$B,Lists!$A$18,'Rig 111'!$C:$C) -> 40 | CW14: =SUMIF('Rig 111'!$B:$B,Lists!$A$18,'Rig 111'!$E:$E) -> 40 | CX14: =SUMIF('Rig 111'!$B:$B,Lists!$A$18,'Rig 111'!$F:$F) -> 0 | CY14: =SUMIF('Rig 111'!$B:$B,Lists!$A$18,'Rig 111'!$G:$G) -> 0 | CZ14: =SUMIF('Rig 111'!$B:$B,Lists!$A$18,'Rig 111'!$H:$H) -> 0 | DA14: =SUMIF('Rig 111'!$B:$B,Lists!$A$18,'Rig 111'!$I:$I) -> 0 | DB14: =SUMIF('Rig 111'!$B:$B,Lists!$A$19,'Rig 111'!$C:$C) -> 40 | DC14: =SUMIF('Rig 111'!$B:$B,Lists!$A$19,'Rig 111'!$E:$E) -> 28 | DD14: =SUMIF('Rig 111'!$B:$B,Lists!$A$19,'Rig 111'!$F:$F) -> 0 | DE14: =SUMIF('Rig 111'!$B:$B,Lists!$A$19,'Rig 111'!$G:$G) -> 0 | DF14: =SUMIF('Rig 111'!$B:$B,Lists!$A$19,'Rig 111'!$H:$H) -> 0 | DG14: =SUMIF('Rig 111'!$B:$B,Lists!$A$19,'Rig 111'!$I:$I) -> 0 | DH14: =SUMIF('Rig 111'!$B:$B,Lists!$A$20,'Rig 111'!$C:$C) -> 0 | DI14: =SUMIF('Rig 111'!$B:$B,Lists!$A$20,'Rig 111'!$E:$E) -> 0 | DJ14: =SUMIF('Rig 111'!$B:$B,Lists!$A$20,'Rig 111'!$F:$F) -> 0 | DK14: =SUMIF('Rig 111'!$B:$B,Lists!$A$20,'Rig 111'!$G:$G) -> 0 | DL14: =SUMIF('Rig 111'!$B:$B,Lists!$A$20,'Rig 111'!$H:$H) -> 0 | DM14: =SUMIF('Rig 111'!$B:$B,Lists!$A$20,'Rig 111'!$I:$I) -> 0 | DN14: =SUMIF('Rig 111'!$B:$B,Lists!$A$21,'Rig 111'!$C:$C) -> 0 | DO14: =SUMIF('Rig 111'!$B:$B,Lists!$A$21,'Rig 111'!$E:$E) -> 0 | DP14: =SUMIF('Rig 111'!$B:$B,Lists!$A$21,'Rig 111'!$F:$F) -> 0 | DQ14: =SUMIF('Rig 111'!$B:$B,Lists!$A$21,'Rig 111'!$G:$G) -> 0 | DR14: =SUMIF('Rig 111'!$B:$B,Lists!$A$21,'Rig 111'!$H:$H) -> 0 | DS14: =SUMIF('Rig 111'!$B:$B,Lists!$A$21,'Rig 111'!$I:$I) -> 0 | DT14: =SUMIF('Rig 111'!$B:$B,Lists!$A$22,'Rig 111'!$C:$C) -> 3 | DU14: =SUMIF('Rig 111'!$B:$B,Lists!$A$22,'Rig 111'!$E:$E) -> 3 | DV14: =SUMIF('Rig 111'!$B:$B,Lists!$A$22,'Rig 111'!$F:$F) -> 0 | DW14: =SUMIF('Rig 111'!$B:$B,Lists!$A$22,'Rig 111'!$G:$G) -> 0 | DX14: =SUMIF('Rig 111'!$B:$B,Lists!$A$22,'Rig 111'!$H:$H) -> 0 | DY14: =SUMIF('Rig 111'!$B:$B,Lists!$A$22,'Rig 111'!$I:$I) -> 0 | DZ14: =SUMIF('Rig 111'!$B:$B,Lists!$A$23,'Rig 111'!$C:$C) -> 0 | EA14: =SUMIF('Rig 111'!$B:$B,Lists!$A$23,'Rig 111'!$E:$E) -> 0 | EB14: =SUMIF('Rig 111'!$B:$B,Lists!$A$23,'Rig 111'!$F:$F) -> 0 | EC14: =SUMIF('Rig 111'!$B:$B,Lists!$A$23,'Rig 111'!$G:$G) -> 0 | ED14: =SUMIF('Rig 111'!$B:$B,Lists!$A$23,'Rig 111'!$H:$H) -> 0 | EE14: =SUMIF('Rig 111'!$B:$B,Lists!$A$23,'Rig 111'!$I:$I) -> 0 | EF14: =SUMIF('Rig 111'!$B:$B,Lists!$A$24,'Rig 111'!$C:$C) -> 20 | EG14: =SUMIF('Rig 111'!$B:$B,Lists!$A$24,'Rig 111'!$E:$E) -> 16 | EH14: =SUMIF('Rig 111'!$B:$B,Lists!$A$24,'Rig 111'!$F:$F) -> 0 | EI14: =SUMIF('Rig 111'!$B:$B,Lists!$A$24,'Rig 111'!$G:$G) -> 0 | EJ14: =SUMIF('Rig 111'!$B:$B,Lists!$A$24,'Rig 111'!$H:$H) -> 0 | EK14: =SUMIF('Rig 111'!$B:$B,Lists!$A$24,'Rig 111'!$I:$I) -> 0 | EL14: =SUMIF('Rig 111'!$B:$B,Lists!$A$25,'Rig 111'!$C:$C) -> 12 | EM14: =SUMIF('Rig 111'!$B:$B,Lists!$A$25,'Rig 111'!$E:$E) -> 10 | EN14: =SUMIF('Rig 111'!$B:$B,Lists!$A$25,'Rig 111'!$F:$F) -> 0 | EO14: =SUMIF('Rig 111'!$B:$B,Lists!$A$25,'Rig 111'!$G:$G) -> 0 | EP14: =SUMIF('Rig 111'!$B:$B,Lists!$A$25,'Rig 111'!$H:$H) -> 2 | EQ14: =SUMIF('Rig 111'!$B:$B,Lists!$A$25,'Rig 111'!$I:$I) -> 0 | ER14: =SUMIF('Rig 111'!$B:$B,Lists!$A$26,'Rig 111'!$C:$C) -> 0 | ES14: =SUMIF('Rig 111'!$B:$B,Lists!$A$26,'Rig 111'!$E:$E) -> 0 | ET14: =SUMIF('Rig 111'!$B:$B,Lists!$A$26,'Rig 111'!$F:$F) -> 0 | EU14: =SUMIF('Rig 111'!$B:$B,Lists!$A$26,'Rig 111'!$G:$G) -> 0 | EV14: =SUMIF('Rig 111'!$B:$B,Lists!$A$26,'Rig 111'!$H:$H) -> 0 | EW14: =SUMIF('Rig 111'!$B:$B,Lists!$A$26,'Rig 111'!$I:$I) -> 0 | EX14: =SUMIF('Rig 111'!$B:$B,Lists!$A$27,'Rig 111'!$C:$C) -> 0 | EY14: =SUMIF('Rig 111'!$B:$B,Lists!$A$27,'Rig 111'!$E:$E) -> 0 | EZ14: =SUMIF('Rig 111'!$B:$B,Lists!$A$27,'Rig 111'!$F:$F) -> 0 | FA14: =SUMIF('Rig 111'!$B:$B,Lists!$A$27,'Rig 111'!$G:$G) -> 0 | FB14: =SUMIF('Rig 111'!$B:$B,Lists!$A$27,'Rig 111'!$H:$H) -> 0 | FC14: =SUMIF('Rig 111'!$B:$B,Lists!$A$27,'Rig 111'!$I:$I) -> 0 | FD14: =SUMIF('Rig 111'!$B:$B,Lists!$A$28,'Rig 111'!$C:$C) -> 0 | FE14: =SUMIF('Rig 111'!$B:$B,Lists!$A$28,'Rig 111'!$E:$E) -> 0 | FF14: =SUMIF('Rig 111'!$B:$B,Lists!$A$28,'Rig 111'!$F:$F) -> 0 | FG14: =SUMIF('Rig 111'!$B:$B,Lists!$A$28,'Rig 111'!$G:$G) -> 0 | FH14: =SUMIF('Rig 111'!$B:$B,Lists!$A$28,'Rig 111'!$H:$H) -> 0 | FI14: =SUMIF('Rig 111'!$B:$B,Lists!$A$28,'Rig 111'!$I:$I) -> 0 | FJ14: =SUMIF('Rig 111'!$B:$B,Lists!$A$29,'Rig 111'!$C:$C) -> 12 | FK14: =SUMIF('Rig 111'!$B:$B,Lists!$A$29,'Rig 111'!$E:$E) -> 11 | FL14: =SUMIF('Rig 111'!$B:$B,Lists!$A$29,'Rig 111'!$F:$F) -> 0 | FM14: =SUMIF('Rig 111'!$B:$B,Lists!$A$29,'Rig 111'!$G:$G) -> 0 | FN14: =SUMIF('Rig 111'!$B:$B,Lists!$A$29,'Rig 111'!$H:$H) -> 0 | FO14: =SUMIF('Rig 111'!$B:$B,Lists!$A$29,'Rig 111'!$I:$I) -> 0 | FP14: =SUMIF('Rig 111'!$B:$B,Lists!$A$30,'Rig 111'!$C:$C) -> 0 | FQ14: =SUMIF('Rig 111'!$B:$B,Lists!$A$30,'Rig 111'!$E:$E) -> 0 | FR14: =SUMIF('Rig 111'!$B:$B,Lists!$A$30,'Rig 111'!$F:$F) -> 0 | FS14: =SUMIF('Rig 111'!$B:$B,Lists!$A$30,'Rig 111'!$G:$G) -> 0 | FT14: =SUMIF('Rig 111'!$B:$B,Lists!$A$30,'Rig 111'!$H:$H) -> 0 | FU14: =SUMIF('Rig 111'!$B:$B,Lists!$A$30,'Rig 111'!$I:$I) -> 0 | FV14: =SUMIF('Rig 111'!$B:$B,Lists!$A$31,'Rig 111'!$C:$C) -> 0 | FW14: =SUMIF('Rig 111'!$B:$B,Lists!$A$31,'Rig 111'!$E:$E) -> 0 | FX14: =SUMIF('Rig 111'!$B:$B,Lists!$A$31,'Rig 111'!$F:$F) -> 0 | FY14: =SUMIF('Rig 111'!$B:$B,Lists!$A$31,'Rig 111'!$G:$G) -> 0 | FZ14: =SUMIF('Rig 111'!$B:$B,Lists!$A$31,'Rig 111'!$H:$H) -> 0 | GA14: =SUMIF('Rig 111'!$B:$B,Lists!$A$31,'Rig 111'!$I:$I) -> 0 | GB14: =SUMIF('Rig 111'!$B:$B,Lists!$A$32,'Rig 111'!$C:$C) -> 0 | GC14: =SUMIF('Rig 111'!$B:$B,Lists!$A$32,'Rig 111'!$E:$E) -> 0 | GD14: =SUMIF('Rig 111'!$B:$B,Lists!$A$32,'Rig 111'!$F:$F) -> 0 | GE14: =SUMIF('Rig 111'!$B:$B,Lists!$A$32,'Rig 111'!$G:$G) -> 0 | GF14: =SUMIF('Rig 111'!$B:$B,Lists!$A$32,'Rig 111'!$H:$H) -> 0 | GG14: =SUMIF('Rig 111'!$B:$B,Lists!$A$32,'Rig 111'!$I:$I) -> 0 | GH14: =SUMIF('Rig 111'!$B:$B,Lists!$A$33,'Rig 111'!$C:$C) -> 0 | GI14: =SUMIF('Rig 111'!$B:$B,Lists!$A$33,'Rig 111'!$E:$E) -> 0 | GJ14: =SUMIF('Rig 111'!$B:$B,Lists!$A$33,'Rig 111'!$F:$F) -> 0 | GK14: =SUMIF('Rig 111'!$B:$B,Lists!$A$33,'Rig 111'!$G:$G) -> 0 | GL14: =SUMIF('Rig 111'!$B:$B,Lists!$A$33,'Rig 111'!$H:$H) -> 0 | GM14: =SUMIF('Rig 111'!$B:$B,Lists!$A$33,'Rig 111'!$I:$I) -> 0 | GN14: =SUMIF('Rig 111'!$B:$B,Lists!$A$34,'Rig 111'!$C:$C) -> 3 | GO14: =SUMIF('Rig 111'!$B:$B,Lists!$A$34,'Rig 111'!$E:$E) -> 6 | GP14: =SUMIF('Rig 111'!$B:$B,Lists!$A$34,'Rig 111'!$F:$F) -> 0 | GQ14: =SUMIF('Rig 111'!$B:$B,Lists!$A$34,'Rig 111'!$G:$G) -> 0 | GR14: =SUMIF('Rig 111'!$B:$B,Lists!$A$34,'Rig 111'!$H:$H) -> 0 | GS14: =SUMIF('Rig 111'!$B:$B,Lists!$A$34,'Rig 111'!$I:$I) -> 0 | GT14: =SUMIF('Rig 111'!$B:$B,Lists!$A$35,'Rig 111'!$C:$C) -> 0 | GU14: =SUMIF('Rig 111'!$B:$B,Lists!$A$35,'Rig 111'!$E:$E) -> 0 | GV14: =SUMIF('Rig 111'!$B:$B,Lists!$A$35,'Rig 111'!$F:$F) -> 0 | GW14: =SUMIF('Rig 111'!$B:$B,Lists!$A$35,'Rig 111'!$G:$G) -> 0 | GX14: =SUMIF('Rig 111'!$B:$B,Lists!$A$35,'Rig 111'!$H:$H) -> 0 | GY14: =SUMIF('Rig 111'!$B:$B,Lists!$A$35,'Rig 111'!$I:$I) -> 0 | GZ14: =SUMIF('Rig 111'!$B:$B,Lists!$A$36,'Rig 111'!$C:$C) -> 0 | HA14: =SUMIF('Rig 111'!$B:$B,Lists!$A$36,'Rig 111'!$E:$E) -> 0 | HB14: =SUMIF('Rig 111'!$B:$B,Lists!$A$36,'Rig 111'!$F:$F) -> 0 | HC14: =SUMIF('Rig 111'!$B:$B,Lists!$A$36,'Rig 111'!$G:$G) -> 0 | HD14: =SUMIF('Rig 111'!$B:$B,Lists!$A$36,'Rig 111'!$H:$H) -> 0 | HE14: =SUMIF('Rig 111'!$B:$B,Lists!$A$36,'Rig 111'!$I:$I) -> 0 | HF14: =SUMIF('Rig 111'!$B:$B,Lists!$A$37,'Rig 111'!$C:$C) -> 0 | HG14: =SUMIF('Rig 111'!$B:$B,Lists!$A$37,'Rig 111'!$E:$E) -> 0 | HH14: =SUMIF('Rig 111'!$B:$B,Lists!$A$37,'Rig 111'!$F:$F) -> 0 | HI14: =SUMIF('Rig 111'!$B:$B,Lists!$A$37,'Rig 111'!$G:$G) -> 0 | HJ14: =SUMIF('Rig 111'!$B:$B,Lists!$A$37,'Rig 111'!$H:$H) -> 0 | HK14: =SUMIF('Rig 111'!$B:$B,Lists!$A$37,'Rig 111'!$I:$I) -> 0 | HL14: =SUMIF('Rig 111'!$B:$B,Lists!$A$38,'Rig 111'!$C:$C) -> 0 | HM14: =SUMIF('Rig 111'!$B:$B,Lists!$A$38,'Rig 111'!$E:$E) -> 0 | HN14: =SUMIF('Rig 111'!$B:$B,Lists!$A$38,'Rig 111'!$F:$F) -> 0 | HO14: =SUMIF('Rig 111'!$B:$B,Lists!$A$38,'Rig 111'!$G:$G) -> 0 | HP14: =SUMIF('Rig 111'!$B:$B,Lists!$A$38,'Rig 111'!$H:$H) -> 0 | HQ14: =SUMIF('Rig 111'!$B:$B,Lists!$A$38,'Rig 111'!$I:$I) -> 0 | HR14: =SUMIF('Rig 111'!$B:$B,Lists!$A$39,'Rig 111'!$C:$C) -> 3 | HS14: =SUMIF('Rig 111'!$B:$B,Lists!$A$39,'Rig 111'!$E:$E) -> 6 | HT14: =SUMIF('Rig 111'!$B:$B,Lists!$A$39,'Rig 111'!$F:$F) -> 0 | HU14: =SUMIF('Rig 111'!$B:$B,Lists!$A$39,'Rig 111'!$G:$G) -> 0 | HV14: =SUMIF('Rig 111'!$B:$B,Lists!$A$39,'Rig 111'!$H:$H) -> 0 | HW14: =SUMIF('Rig 111'!$B:$B,Lists!$A$39,'Rig 111'!$I:$I) -> 0 | HX14: =SUMIF('Rig 111'!$B:$B,Lists!$A$40,'Rig 111'!$C:$C) -> 0 | HY14: =SUMIF('Rig 111'!$B:$B,Lists!$A$40,'Rig 111'!$E:$E) -> 0 | HZ14: =SUMIF('Rig 111'!$B:$B,Lists!$A$40,'Rig 111'!$F:$F) -> 0 | IA14: =SUMIF('Rig 111'!$B:$B,Lists!$A$40,'Rig 111'!$G:$G) -> 0 | IB14: =SUMIF('Rig 111'!$B:$B,Lists!$A$40,'Rig 111'!$H:$H) -> 0 | IC14: =SUMIF('Rig 111'!$B:$B,Lists!$A$40,'Rig 111'!$I:$I) -> 0 | ID14: =SUMIF('Rig 111'!$B:$B,Lists!$A$41,'Rig 111'!$C:$C) -> 0 | IE14: =SUMIF('Rig 111'!$B:$B,Lists!$A$41,'Rig 111'!$E:$E) -> 0 | IF14: =SUMIF('Rig 111'!$B:$B,Lists!$A$41,'Rig 111'!$F:$F) -> 0 | IG14: =SUMIF('Rig 111'!$B:$B,Lists!$A$41,'Rig 111'!$G:$G) -> 0 | IH14: =SUMIF('Rig 111'!$B:$B,Lists!$A$41,'Rig 111'!$H:$H) -> 0 | II14: =SUMIF('Rig 111'!$B:$B,Lists!$A$41,'Rig 111'!$I:$I) -> 0
A15: Rig 201 | B15: ='Rig 201'!D2 -> 46143 | C15: Joints | D15: =SUMIF('Rig 201'!$B:$B,Lists!$A$2,'Rig 201'!$C:$C) -> 0 | E15: =SUMIF('Rig 201'!$B:$B,Lists!$A$2,'Rig 201'!$E:$E) -> 0 | F15: =SUMIF('Rig 201'!$B:$B,Lists!$A$2,'Rig 201'!$F:$F) -> 0 | G15: =SUMIF('Rig 201'!$B:$B,Lists!$A$2,'Rig 201'!$G:$G) -> 0 | H15: =SUMIF('Rig 201'!$B:$B,Lists!$A$2,'Rig 201'!$H:$H) -> 0 | I15: =SUMIF('Rig 201'!$B:$B,Lists!$A$2,'Rig 201'!$I:$I) -> 0 | J15: =SUMIF('Rig 201'!$B:$B,Lists!$A$3,'Rig 201'!$C:$C) -> 0 | K15: =SUMIF('Rig 201'!$B:$B,Lists!$A$3,'Rig 201'!$E:$E) -> 0 | L15: =SUMIF('Rig 201'!$B:$B,Lists!$A$3,'Rig 201'!$F:$F) -> 0 | M15: =SUMIF('Rig 201'!$B:$B,Lists!$A$3,'Rig 201'!$G:$G) -> 0 | N15: =SUMIF('Rig 201'!$B:$B,Lists!$A$3,'Rig 201'!$H:$H) -> 0 | O15: =SUMIF('Rig 201'!$B:$B,Lists!$A$3,'Rig 201'!$I:$I) -> 0 | P15: =SUMIF('Rig 201'!$B:$B,Lists!$A$4,'Rig 201'!$C:$C) -> 0 | Q15: =SUMIF('Rig 201'!$B:$B,Lists!$A$4,'Rig 201'!$E:$E) -> 0 | R15: =SUMIF('Rig 201'!$B:$B,Lists!$A$4,'Rig 201'!$F:$F) -> 0 | S15: =SUMIF('Rig 201'!$B:$B,Lists!$A$4,'Rig 201'!$G:$G) -> 0 | T15: =SUMIF('Rig 201'!$B:$B,Lists!$A$4,'Rig 201'!$H:$H) -> 0 | U15: =SUMIF('Rig 201'!$B:$B,Lists!$A$4,'Rig 201'!$I:$I) -> 0 | V15: =SUMIF('Rig 201'!$B:$B,Lists!$A$5,'Rig 201'!$C:$C) -> 210 | W15: =SUMIF('Rig 201'!$B:$B,Lists!$A$5,'Rig 201'!$E:$E) -> 196 | X15: =SUMIF('Rig 201'!$B:$B,Lists!$A$5,'Rig 201'!$F:$F) -> 0 | Y15: =SUMIF('Rig 201'!$B:$B,Lists!$A$5,'Rig 201'!$G:$G) -> 0 | Z15: =SUMIF('Rig 201'!$B:$B,Lists!$A$5,'Rig 201'!$H:$H) -> 0 | AA15: =SUMIF('Rig 201'!$B:$B,Lists!$A$5,'Rig 201'!$I:$I) -> 14 | AB15: =SUMIF('Rig 201'!$B:$B,Lists!$A$6,'Rig 201'!$C:$C) -> 0 | AC15: =SUMIF('Rig 201'!$B:$B,Lists!$A$6,'Rig 201'!$E:$E) -> 0 | AD15: =SUMIF('Rig 201'!$B:$B,Lists!$A$6,'Rig 201'!$F:$F) -> 0 | AE15: =SUMIF('Rig 201'!$B:$B,Lists!$A$6,'Rig 201'!$G:$G) -> 0 | AF15: =SUMIF('Rig 201'!$B:$B,Lists!$A$6,'Rig 201'!$H:$H) -> 0 | AG15: =SUMIF('Rig 201'!$B:$B,Lists!$A$6,'Rig 201'!$I:$I) -> 0 | AH15: =SUMIF('Rig 201'!$B:$B,Lists!$A$7,'Rig 201'!$C:$C) -> 0 | AI15: =SUMIF('Rig 201'!$B:$B,Lists!$A$7,'Rig 201'!$E:$E) -> 0 | AJ15: =SUMIF('Rig 201'!$B:$B,Lists!$A$7,'Rig 201'!$F:$F) -> 0 | AK15: =SUMIF('Rig 201'!$B:$B,Lists!$A$7,'Rig 201'!$G:$G) -> 0 | AL15: =SUMIF('Rig 201'!$B:$B,Lists!$A$7,'Rig 201'!$H:$H) -> 0 | AM15: =SUMIF('Rig 201'!$B:$B,Lists!$A$7,'Rig 201'!$I:$I) -> 0 | AN15: =SUMIF('Rig 201'!$B:$B,Lists!$A$8,'Rig 201'!$C:$C) -> 0 | AO15: =SUMIF('Rig 201'!$B:$B,Lists!$A$8,'Rig 201'!$E:$E) -> 0 | AP15: =SUMIF('Rig 201'!$B:$B,Lists!$A$8,'Rig 201'!$F:$F) -> 0 | AQ15: =SUMIF('Rig 201'!$B:$B,Lists!$A$8,'Rig 201'!$G:$G) -> 0 | AR15: =SUMIF('Rig 201'!$B:$B,Lists!$A$8,'Rig 201'!$H:$H) -> 0 | AS15: =SUMIF('Rig 201'!$B:$B,Lists!$A$8,'Rig 201'!$I:$I) -> 0 | AT15: =SUMIF('Rig 201'!$B:$B,Lists!$A$9,'Rig 201'!$C:$C) -> 0 | AU15: =SUMIF('Rig 201'!$B:$B,Lists!$A$9,'Rig 201'!$E:$E) -> 0 | AV15: =SUMIF('Rig 201'!$B:$B,Lists!$A$9,'Rig 201'!$F:$F) -> 0 | AW15: =SUMIF('Rig 201'!$B:$B,Lists!$A$9,'Rig 201'!$G:$G) -> 0 | AX15: =SUMIF('Rig 201'!$B:$B,Lists!$A$9,'Rig 201'!$H:$H) -> 0 | AY15: =SUMIF('Rig 201'!$B:$B,Lists!$A$9,'Rig 201'!$I:$I) -> 0 | AZ15: =SUMIF('Rig 201'!$B:$B,Lists!$A$10,'Rig 201'!$C:$C) -> 0 | BA15: =SUMIF('Rig 201'!$B:$B,Lists!$A$10,'Rig 201'!$E:$E) -> 0 | BB15: =SUMIF('Rig 201'!$B:$B,Lists!$A$10,'Rig 201'!$F:$F) -> 0 | BC15: =SUMIF('Rig 201'!$B:$B,Lists!$A$10,'Rig 201'!$G:$G) -> 0 | BD15: =SUMIF('Rig 201'!$B:$B,Lists!$A$10,'Rig 201'!$H:$H) -> 0 | BE15: =SUMIF('Rig 201'!$B:$B,Lists!$A$10,'Rig 201'!$I:$I) -> 0 | BF15: =SUMIF('Rig 201'!$B:$B,Lists!$A$11,'Rig 201'!$C:$C) -> 290 | BG15: =SUMIF('Rig 201'!$B:$B,Lists!$A$11,'Rig 201'!$E:$E) -> 260 | BH15: =SUMIF('Rig 201'!$B:$B,Lists!$A$11,'Rig 201'!$F:$F) -> 0 | BI15: =SUMIF('Rig 201'!$B:$B,Lists!$A$11,'Rig 201'!$G:$G) -> 0 | BJ15: =SUMIF('Rig 201'!$B:$B,Lists!$A$11,'Rig 201'!$H:$H) -> 0 | BK15: =SUMIF('Rig 201'!$B:$B,Lists!$A$11,'Rig 201'!$I:$I) -> 0 | BL15: =SUMIF('Rig 201'!$B:$B,Lists!$A$12,'Rig 201'!$C:$C) -> 0 | BM15: =SUMIF('Rig 201'!$B:$B,Lists!$A$12,'Rig 201'!$E:$E) -> 0 | BN15: =SUMIF('Rig 201'!$B:$B,Lists!$A$12,'Rig 201'!$F:$F) -> 0 | BO15: =SUMIF('Rig 201'!$B:$B,Lists!$A$12,'Rig 201'!$G:$G) -> 0 | BP15: =SUMIF('Rig 201'!$B:$B,Lists!$A$12,'Rig 201'!$H:$H) -> 0 | BQ15: =SUMIF('Rig 201'!$B:$B,Lists!$A$12,'Rig 201'!$I:$I) -> 0 | BR15: =SUMIF('Rig 201'!$B:$B,Lists!$A$13,'Rig 201'!$C:$C) -> 0 | BS15: =SUMIF('Rig 201'!$B:$B,Lists!$A$13,'Rig 201'!$E:$E) -> 0 | BT15: =SUMIF('Rig 201'!$B:$B,Lists!$A$13,'Rig 201'!$F:$F) -> 0 | BU15: =SUMIF('Rig 201'!$B:$B,Lists!$A$13,'Rig 201'!$G:$G) -> 0 | BV15: =SUMIF('Rig 201'!$B:$B,Lists!$A$13,'Rig 201'!$H:$H) -> 0 | BW15: =SUMIF('Rig 201'!$B:$B,Lists!$A$13,'Rig 201'!$I:$I) -> 0 | BX15: =SUMIF('Rig 201'!$B:$B,Lists!$A$14,'Rig 201'!$C:$C) -> 0 | BY15: =SUMIF('Rig 201'!$B:$B,Lists!$A$14,'Rig 201'!$E:$E) -> 0 | BZ15: =SUMIF('Rig 201'!$B:$B,Lists!$A$14,'Rig 201'!$F:$F) -> 0 | CA15: =SUMIF('Rig 201'!$B:$B,Lists!$A$14,'Rig 201'!$G:$G) -> 0 | CB15: =SUMIF('Rig 201'!$B:$B,Lists!$A$14,'Rig 201'!$H:$H) -> 0 | CC15: =SUMIF('Rig 201'!$B:$B,Lists!$A$14,'Rig 201'!$I:$I) -> 0 | CD15: =SUMIF('Rig 201'!$B:$B,Lists!$A$15,'Rig 201'!$C:$C) -> 0 | CE15: =SUMIF('Rig 201'!$B:$B,Lists!$A$15,'Rig 201'!$E:$E) -> 0 | CF15: =SUMIF('Rig 201'!$B:$B,Lists!$A$15,'Rig 201'!$F:$F) -> 0 | CG15: =SUMIF('Rig 201'!$B:$B,Lists!$A$15,'Rig 201'!$G:$G) -> 0 | CH15: =SUMIF('Rig 201'!$B:$B,Lists!$A$15,'Rig 201'!$H:$H) -> 0 | CI15: =SUMIF('Rig 201'!$B:$B,Lists!$A$15,'Rig 201'!$I:$I) -> 0 | CJ15: =SUMIF('Rig 201'!$B:$B,Lists!$A$16,'Rig 201'!$C:$C) -> 0 | CK15: =SUMIF('Rig 201'!$B:$B,Lists!$A$16,'Rig 201'!$E:$E) -> 0 | CL15: =SUMIF('Rig 201'!$B:$B,Lists!$A$16,'Rig 201'!$F:$F) -> 0 | CM15: =SUMIF('Rig 201'!$B:$B,Lists!$A$16,'Rig 201'!$G:$G) -> 0 | CN15: =SUMIF('Rig 201'!$B:$B,Lists!$A$16,'Rig 201'!$H:$H) -> 0 | CO15: =SUMIF('Rig 201'!$B:$B,Lists!$A$16,'Rig 201'!$I:$I) -> 0 | CP15: =SUMIF('Rig 201'!$B:$B,Lists!$A$17,'Rig 201'!$C:$C) -> 0 | CQ15: =SUMIF('Rig 201'!$B:$B,Lists!$A$17,'Rig 201'!$E:$E) -> 0 | CR15: =SUMIF('Rig 201'!$B:$B,Lists!$A$17,'Rig 201'!$F:$F) -> 0 | CS15: =SUMIF('Rig 201'!$B:$B,Lists!$A$17,'Rig 201'!$G:$G) -> 0 | CT15: =SUMIF('Rig 201'!$B:$B,Lists!$A$17,'Rig 201'!$H:$H) -> 0 | CU15: =SUMIF('Rig 201'!$B:$B,Lists!$A$17,'Rig 201'!$I:$I) -> 0 | CV15: =SUMIF('Rig 201'!$B:$B,Lists!$A$18,'Rig 201'!$C:$C) -> 0 | CW15: =SUMIF('Rig 201'!$B:$B,Lists!$A$18,'Rig 201'!$E:$E) -> 0 | CX15: =SUMIF('Rig 201'!$B:$B,Lists!$A$18,'Rig 201'!$F:$F) -> 0 | CY15: =SUMIF('Rig 201'!$B:$B,Lists!$A$18,'Rig 201'!$G:$G) -> 0 | CZ15: =SUMIF('Rig 201'!$B:$B,Lists!$A$18,'Rig 201'!$H:$H) -> 0 | DA15: =SUMIF('Rig 201'!$B:$B,Lists!$A$18,'Rig 201'!$I:$I) -> 0 | DB15: =SUMIF('Rig 201'!$B:$B,Lists!$A$19,'Rig 201'!$C:$C) -> 40 | DC15: =SUMIF('Rig 201'!$B:$B,Lists!$A$19,'Rig 201'!$E:$E) -> 31 | DD15: =SUMIF('Rig 201'!$B:$B,Lists!$A$19,'Rig 201'!$F:$F) -> 0 | DE15: =SUMIF('Rig 201'!$B:$B,Lists!$A$19,'Rig 201'!$G:$G) -> 0 | DF15: =SUMIF('Rig 201'!$B:$B,Lists!$A$19,'Rig 201'!$H:$H) -> 0 | DG15: =SUMIF('Rig 201'!$B:$B,Lists!$A$19,'Rig 201'!$I:$I) -> 0 | DH15: =SUMIF('Rig 201'!$B:$B,Lists!$A$20,'Rig 201'!$C:$C) -> 0 | DI15: =SUMIF('Rig 201'!$B:$B,Lists!$A$20,'Rig 201'!$E:$E) -> 0 | DJ15: =SUMIF('Rig 201'!$B:$B,Lists!$A$20,'Rig 201'!$F:$F) -> 0 | DK15: =SUMIF('Rig 201'!$B:$B,Lists!$A$20,'Rig 201'!$G:$G) -> 0 | DL15: =SUMIF('Rig 201'!$B:$B,Lists!$A$20,'Rig 201'!$H:$H) -> 0 | DM15: =SUMIF('Rig 201'!$B:$B,Lists!$A$20,'Rig 201'!$I:$I) -> 0 | DN15: =SUMIF('Rig 201'!$B:$B,Lists!$A$21,'Rig 201'!$C:$C) -> 0 | DO15: =SUMIF('Rig 201'!$B:$B,Lists!$A$21,'Rig 201'!$E:$E) -> 0 | DP15: =SUMIF('Rig 201'!$B:$B,Lists!$A$21,'Rig 201'!$F:$F) -> 0 | DQ15: =SUMIF('Rig 201'!$B:$B,Lists!$A$21,'Rig 201'!$G:$G) -> 0 | DR15: =SUMIF('Rig 201'!$B:$B,Lists!$A$21,'Rig 201'!$H:$H) -> 0 | DS15: =SUMIF('Rig 201'!$B:$B,Lists!$A$21,'Rig 201'!$I:$I) -> 0 | DT15: =SUMIF('Rig 201'!$B:$B,Lists!$A$22,'Rig 201'!$C:$C) -> 3 | DU15: =SUMIF('Rig 201'!$B:$B,Lists!$A$22,'Rig 201'!$E:$E) -> 2 | DV15: =SUMIF('Rig 201'!$B:$B,Lists!$A$22,'Rig 201'!$F:$F) -> 0 | DW15: =SUMIF('Rig 201'!$B:$B,Lists!$A$22,'Rig 201'!$G:$G) -> 0 | DX15: =SUMIF('Rig 201'!$B:$B,Lists!$A$22,'Rig 201'!$H:$H) -> 0 | DY15: =SUMIF('Rig 201'!$B:$B,Lists!$A$22,'Rig 201'!$I:$I) -> 0 | DZ15: =SUMIF('Rig 201'!$B:$B,Lists!$A$23,'Rig 201'!$C:$C) -> 0 | EA15: =SUMIF('Rig 201'!$B:$B,Lists!$A$23,'Rig 201'!$E:$E) -> 0 | EB15: =SUMIF('Rig 201'!$B:$B,Lists!$A$23,'Rig 201'!$F:$F) -> 0 | EC15: =SUMIF('Rig 201'!$B:$B,Lists!$A$23,'Rig 201'!$G:$G) -> 0 | ED15: =SUMIF('Rig 201'!$B:$B,Lists!$A$23,'Rig 201'!$H:$H) -> 0 | EE15: =SUMIF('Rig 201'!$B:$B,Lists!$A$23,'Rig 201'!$I:$I) -> 0 | EF15: =SUMIF('Rig 201'!$B:$B,Lists!$A$24,'Rig 201'!$C:$C) -> 18 | EG15: =SUMIF('Rig 201'!$B:$B,Lists!$A$24,'Rig 201'!$E:$E) -> 16 | EH15: =SUMIF('Rig 201'!$B:$B,Lists!$A$24,'Rig 201'!$F:$F) -> 0 | EI15: =SUMIF('Rig 201'!$B:$B,Lists!$A$24,'Rig 201'!$G:$G) -> 0 | EJ15: =SUMIF('Rig 201'!$B:$B,Lists!$A$24,'Rig 201'!$H:$H) -> 0 | EK15: =SUMIF('Rig 201'!$B:$B,Lists!$A$24,'Rig 201'!$I:$I) -> 2 | EL15: =SUMIF('Rig 201'!$B:$B,Lists!$A$25,'Rig 201'!$C:$C) -> 0 | EM15: =SUMIF('Rig 201'!$B:$B,Lists!$A$25,'Rig 201'!$E:$E) -> 0 | EN15: =SUMIF('Rig 201'!$B:$B,Lists!$A$25,'Rig 201'!$F:$F) -> 0 | EO15: =SUMIF('Rig 201'!$B:$B,Lists!$A$25,'Rig 201'!$G:$G) -> 0 | EP15: =SUMIF('Rig 201'!$B:$B,Lists!$A$25,'Rig 201'!$H:$H) -> 0 | EQ15: =SUMIF('Rig 201'!$B:$B,Lists!$A$25,'Rig 201'!$I:$I) -> 0 | ER15: =SUMIF('Rig 201'!$B:$B,Lists!$A$26,'Rig 201'!$C:$C) -> 0 | ES15: =SUMIF('Rig 201'!$B:$B,Lists!$A$26,'Rig 201'!$E:$E) -> 0 | ET15: =SUMIF('Rig 201'!$B:$B,Lists!$A$26,'Rig 201'!$F:$F) -> 0 | EU15: =SUMIF('Rig 201'!$B:$B,Lists!$A$26,'Rig 201'!$G:$G) -> 0 | EV15: =SUMIF('Rig 201'!$B:$B,Lists!$A$26,'Rig 201'!$H:$H) -> 0 | EW15: =SUMIF('Rig 201'!$B:$B,Lists!$A$26,'Rig 201'!$I:$I) -> 0 | EX15: =SUMIF('Rig 201'!$B:$B,Lists!$A$27,'Rig 201'!$C:$C) -> 20 | EY15: =SUMIF('Rig 201'!$B:$B,Lists!$A$27,'Rig 201'!$E:$E) -> 24 | EZ15: =SUMIF('Rig 201'!$B:$B,Lists!$A$27,'Rig 201'!$F:$F) -> 0 | FA15: =SUMIF('Rig 201'!$B:$B,Lists!$A$27,'Rig 201'!$G:$G) -> 0 | FB15: =SUMIF('Rig 201'!$B:$B,Lists!$A$27,'Rig 201'!$H:$H) -> 0 | FC15: =SUMIF('Rig 201'!$B:$B,Lists!$A$27,'Rig 201'!$I:$I) -> 0 | FD15: =SUMIF('Rig 201'!$B:$B,Lists!$A$28,'Rig 201'!$C:$C) -> 0 | FE15: =SUMIF('Rig 201'!$B:$B,Lists!$A$28,'Rig 201'!$E:$E) -> 0 | FF15: =SUMIF('Rig 201'!$B:$B,Lists!$A$28,'Rig 201'!$F:$F) -> 0 | FG15: =SUMIF('Rig 201'!$B:$B,Lists!$A$28,'Rig 201'!$G:$G) -> 0 | FH15: =SUMIF('Rig 201'!$B:$B,Lists!$A$28,'Rig 201'!$H:$H) -> 0 | FI15: =SUMIF('Rig 201'!$B:$B,Lists!$A$28,'Rig 201'!$I:$I) -> 0 | FJ15: =SUMIF('Rig 201'!$B:$B,Lists!$A$29,'Rig 201'!$C:$C) -> 20 | FK15: =SUMIF('Rig 201'!$B:$B,Lists!$A$29,'Rig 201'!$E:$E) -> 0 | FL15: =SUMIF('Rig 201'!$B:$B,Lists!$A$29,'Rig 201'!$F:$F) -> 0 | FM15: =SUMIF('Rig 201'!$B:$B,Lists!$A$29,'Rig 201'!$G:$G) -> 0 | FN15: =SUMIF('Rig 201'!$B:$B,Lists!$A$29,'Rig 201'!$H:$H) -> 0 | FO15: =SUMIF('Rig 201'!$B:$B,Lists!$A$29,'Rig 201'!$I:$I) -> 0 | FP15: =SUMIF('Rig 201'!$B:$B,Lists!$A$30,'Rig 201'!$C:$C) -> 0 | FQ15: =SUMIF('Rig 201'!$B:$B,Lists!$A$30,'Rig 201'!$E:$E) -> 0 | FR15: =SUMIF('Rig 201'!$B:$B,Lists!$A$30,'Rig 201'!$F:$F) -> 0 | FS15: =SUMIF('Rig 201'!$B:$B,Lists!$A$30,'Rig 201'!$G:$G) -> 0 | FT15: =SUMIF('Rig 201'!$B:$B,Lists!$A$30,'Rig 201'!$H:$H) -> 0 | FU15: =SUMIF('Rig 201'!$B:$B,Lists!$A$30,'Rig 201'!$I:$I) -> 0 | FV15: =SUMIF('Rig 201'!$B:$B,Lists!$A$31,'Rig 201'!$C:$C) -> 0 | FW15: =SUMIF('Rig 201'!$B:$B,Lists!$A$31,'Rig 201'!$E:$E) -> 0 | FX15: =SUMIF('Rig 201'!$B:$B,Lists!$A$31,'Rig 201'!$F:$F) -> 0 | FY15: =SUMIF('Rig 201'!$B:$B,Lists!$A$31,'Rig 201'!$G:$G) -> 0 | FZ15: =SUMIF('Rig 201'!$B:$B,Lists!$A$31,'Rig 201'!$H:$H) -> 0 | GA15: =SUMIF('Rig 201'!$B:$B,Lists!$A$31,'Rig 201'!$I:$I) -> 0 | GB15: =SUMIF('Rig 201'!$B:$B,Lists!$A$32,'Rig 201'!$C:$C) -> 0 | GC15: =SUMIF('Rig 201'!$B:$B,Lists!$A$32,'Rig 201'!$E:$E) -> 0 | GD15: =SUMIF('Rig 201'!$B:$B,Lists!$A$32,'Rig 201'!$F:$F) -> 0 | GE15: =SUMIF('Rig 201'!$B:$B,Lists!$A$32,'Rig 201'!$G:$G) -> 0 | GF15: =SUMIF('Rig 201'!$B:$B,Lists!$A$32,'Rig 201'!$H:$H) -> 0 | GG15: =SUMIF('Rig 201'!$B:$B,Lists!$A$32,'Rig 201'!$I:$I) -> 0 | GH15: =SUMIF('Rig 201'!$B:$B,Lists!$A$33,'Rig 201'!$C:$C) -> 0 | GI15: =SUMIF('Rig 201'!$B:$B,Lists!$A$33,'Rig 201'!$E:$E) -> 0 | GJ15: =SUMIF('Rig 201'!$B:$B,Lists!$A$33,'Rig 201'!$F:$F) -> 0 | GK15: =SUMIF('Rig 201'!$B:$B,Lists!$A$33,'Rig 201'!$G:$G) -> 0 | GL15: =SUMIF('Rig 201'!$B:$B,Lists!$A$33,'Rig 201'!$H:$H) -> 0 | GM15: =SUMIF('Rig 201'!$B:$B,Lists!$A$33,'Rig 201'!$I:$I) -> 0 | GN15: =SUMIF('Rig 201'!$B:$B,Lists!$A$34,'Rig 201'!$C:$C) -> 0 | GO15: =SUMIF('Rig 201'!$B:$B,Lists!$A$34,'Rig 201'!$E:$E) -> 0 | GP15: =SUMIF('Rig 201'!$B:$B,Lists!$A$34,'Rig 201'!$F:$F) -> 0 | GQ15: =SUMIF('Rig 201'!$B:$B,Lists!$A$34,'Rig 201'!$G:$G) -> 0 | GR15: =SUMIF('Rig 201'!$B:$B,Lists!$A$34,'Rig 201'!$H:$H) -> 0 | GS15: =SUMIF('Rig 201'!$B:$B,Lists!$A$34,'Rig 201'!$I:$I) -> 0 | GT15: =SUMIF('Rig 201'!$B:$B,Lists!$A$35,'Rig 201'!$C:$C) -> 0 | GU15: =SUMIF('Rig 201'!$B:$B,Lists!$A$35,'Rig 201'!$E:$E) -> 0 | GV15: =SUMIF('Rig 201'!$B:$B,Lists!$A$35,'Rig 201'!$F:$F) -> 0 | GW15: =SUMIF('Rig 201'!$B:$B,Lists!$A$35,'Rig 201'!$G:$G) -> 0 | GX15: =SUMIF('Rig 201'!$B:$B,Lists!$A$35,'Rig 201'!$H:$H) -> 0 | GY15: =SUMIF('Rig 201'!$B:$B,Lists!$A$35,'Rig 201'!$I:$I) -> 0 | GZ15: =SUMIF('Rig 201'!$B:$B,Lists!$A$36,'Rig 201'!$C:$C) -> 0 | HA15: =SUMIF('Rig 201'!$B:$B,Lists!$A$36,'Rig 201'!$E:$E) -> 0 | HB15: =SUMIF('Rig 201'!$B:$B,Lists!$A$36,'Rig 201'!$F:$F) -> 0 | HC15: =SUMIF('Rig 201'!$B:$B,Lists!$A$36,'Rig 201'!$G:$G) -> 0 | HD15: =SUMIF('Rig 201'!$B:$B,Lists!$A$36,'Rig 201'!$H:$H) -> 0 | HE15: =SUMIF('Rig 201'!$B:$B,Lists!$A$36,'Rig 201'!$I:$I) -> 0 | HF15: =SUMIF('Rig 201'!$B:$B,Lists!$A$37,'Rig 201'!$C:$C) -> 0 | HG15: =SUMIF('Rig 201'!$B:$B,Lists!$A$37,'Rig 201'!$E:$E) -> 0 | HH15: =SUMIF('Rig 201'!$B:$B,Lists!$A$37,'Rig 201'!$F:$F) -> 0 | HI15: =SUMIF('Rig 201'!$B:$B,Lists!$A$37,'Rig 201'!$G:$G) -> 0 | HJ15: =SUMIF('Rig 201'!$B:$B,Lists!$A$37,'Rig 201'!$H:$H) -> 0 | HK15: =SUMIF('Rig 201'!$B:$B,Lists!$A$37,'Rig 201'!$I:$I) -> 0 | HL15: =SUMIF('Rig 201'!$B:$B,Lists!$A$38,'Rig 201'!$C:$C) -> 0 | HM15: =SUMIF('Rig 201'!$B:$B,Lists!$A$38,'Rig 201'!$E:$E) -> 0 | HN15: =SUMIF('Rig 201'!$B:$B,Lists!$A$38,'Rig 201'!$F:$F) -> 0 | HO15: =SUMIF('Rig 201'!$B:$B,Lists!$A$38,'Rig 201'!$G:$G) -> 0 | HP15: =SUMIF('Rig 201'!$B:$B,Lists!$A$38,'Rig 201'!$H:$H) -> 0 | HQ15: =SUMIF('Rig 201'!$B:$B,Lists!$A$38,'Rig 201'!$I:$I) -> 0 | HR15: =SUMIF('Rig 201'!$B:$B,Lists!$A$39,'Rig 201'!$C:$C) -> 0 | HS15: =SUMIF('Rig 201'!$B:$B,Lists!$A$39,'Rig 201'!$E:$E) -> 4 | HT15: =SUMIF('Rig 201'!$B:$B,Lists!$A$39,'Rig 201'!$F:$F) -> 0 | HU15: =SUMIF('Rig 201'!$B:$B,Lists!$A$39,'Rig 201'!$G:$G) -> 0 | HV15: =SUMIF('Rig 201'!$B:$B,Lists!$A$39,'Rig 201'!$H:$H) -> 0 | HW15: =SUMIF('Rig 201'!$B:$B,Lists!$A$39,'Rig 201'!$I:$I) -> 0 | HX15: =SUMIF('Rig 201'!$B:$B,Lists!$A$40,'Rig 201'!$C:$C) -> 0 | HY15: =SUMIF('Rig 201'!$B:$B,Lists!$A$40,'Rig 201'!$E:$E) -> 0 | HZ15: =SUMIF('Rig 201'!$B:$B,Lists!$A$40,'Rig 201'!$F:$F) -> 0 | IA15: =SUMIF('Rig 201'!$B:$B,Lists!$A$40,'Rig 201'!$G:$G) -> 0 | IB15: =SUMIF('Rig 201'!$B:$B,Lists!$A$40,'Rig 201'!$H:$H) -> 0 | IC15: =SUMIF('Rig 201'!$B:$B,Lists!$A$40,'Rig 201'!$I:$I) -> 0 | ID15: =SUMIF('Rig 201'!$B:$B,Lists!$A$41,'Rig 201'!$C:$C) -> 0 | IE15: =SUMIF('Rig 201'!$B:$B,Lists!$A$41,'Rig 201'!$E:$E) -> 0 | IF15: =SUMIF('Rig 201'!$B:$B,Lists!$A$41,'Rig 201'!$F:$F) -> 0 | IG15: =SUMIF('Rig 201'!$B:$B,Lists!$A$41,'Rig 201'!$G:$G) -> 0 | IH15: =SUMIF('Rig 201'!$B:$B,Lists!$A$41,'Rig 201'!$H:$H) -> 0 | II15: =SUMIF('Rig 201'!$B:$B,Lists!$A$41,'Rig 201'!$I:$I) -> 0
A16: Rig 202 | B16: ='Rig 202'!D2 -> 46173 | C16: Joints | D16: =SUMIF('Rig 202'!$B:$B,Lists!$A$2,'Rig 202'!$C:$C) -> 0 | E16: =SUMIF('Rig 202'!$B:$B,Lists!$A$2,'Rig 202'!$E:$E) -> 0 | F16: =SUMIF('Rig 202'!$B:$B,Lists!$A$2,'Rig 202'!$F:$F) -> 0 | G16: =SUMIF('Rig 202'!$B:$B,Lists!$A$2,'Rig 202'!$G:$G) -> 0 | H16: =SUMIF('Rig 202'!$B:$B,Lists!$A$2,'Rig 202'!$H:$H) -> 0 | I16: =SUMIF('Rig 202'!$B:$B,Lists!$A$2,'Rig 202'!$I:$I) -> 0 | J16: =SUMIF('Rig 202'!$B:$B,Lists!$A$3,'Rig 202'!$C:$C) -> 0 | K16: =SUMIF('Rig 202'!$B:$B,Lists!$A$3,'Rig 202'!$E:$E) -> 0 | L16: =SUMIF('Rig 202'!$B:$B,Lists!$A$3,'Rig 202'!$F:$F) -> 0 | M16: =SUMIF('Rig 202'!$B:$B,Lists!$A$3,'Rig 202'!$G:$G) -> 0 | N16: =SUMIF('Rig 202'!$B:$B,Lists!$A$3,'Rig 202'!$H:$H) -> 0 | O16: =SUMIF('Rig 202'!$B:$B,Lists!$A$3,'Rig 202'!$I:$I) -> 1 | P16: =SUMIF('Rig 202'!$B:$B,Lists!$A$4,'Rig 202'!$C:$C) -> 0 | Q16: =SUMIF('Rig 202'!$B:$B,Lists!$A$4,'Rig 202'!$E:$E) -> 0 | R16: =SUMIF('Rig 202'!$B:$B,Lists!$A$4,'Rig 202'!$F:$F) -> 0 | S16: =SUMIF('Rig 202'!$B:$B,Lists!$A$4,'Rig 202'!$G:$G) -> 0 | T16: =SUMIF('Rig 202'!$B:$B,Lists!$A$4,'Rig 202'!$H:$H) -> 0 | U16: =SUMIF('Rig 202'!$B:$B,Lists!$A$4,'Rig 202'!$I:$I) -> 0 | V16: =SUMIF('Rig 202'!$B:$B,Lists!$A$5,'Rig 202'!$C:$C) -> 0 | W16: =SUMIF('Rig 202'!$B:$B,Lists!$A$5,'Rig 202'!$E:$E) -> 191 | X16: =SUMIF('Rig 202'!$B:$B,Lists!$A$5,'Rig 202'!$F:$F) -> 0 | Y16: =SUMIF('Rig 202'!$B:$B,Lists!$A$5,'Rig 202'!$G:$G) -> 0 | Z16: =SUMIF('Rig 202'!$B:$B,Lists!$A$5,'Rig 202'!$H:$H) -> 6 | AA16: =SUMIF('Rig 202'!$B:$B,Lists!$A$5,'Rig 202'!$I:$I) -> 0 | AB16: =SUMIF('Rig 202'!$B:$B,Lists!$A$6,'Rig 202'!$C:$C) -> 0 | AC16: =SUMIF('Rig 202'!$B:$B,Lists!$A$6,'Rig 202'!$E:$E) -> 0 | AD16: =SUMIF('Rig 202'!$B:$B,Lists!$A$6,'Rig 202'!$F:$F) -> 0 | AE16: =SUMIF('Rig 202'!$B:$B,Lists!$A$6,'Rig 202'!$G:$G) -> 0 | AF16: =SUMIF('Rig 202'!$B:$B,Lists!$A$6,'Rig 202'!$H:$H) -> 0 | AG16: =SUMIF('Rig 202'!$B:$B,Lists!$A$6,'Rig 202'!$I:$I) -> 0 | AH16: =SUMIF('Rig 202'!$B:$B,Lists!$A$7,'Rig 202'!$C:$C) -> 182 | AI16: =SUMIF('Rig 202'!$B:$B,Lists!$A$7,'Rig 202'!$E:$E) -> 71 | AJ16: =SUMIF('Rig 202'!$B:$B,Lists!$A$7,'Rig 202'!$F:$F) -> 0 | AK16: =SUMIF('Rig 202'!$B:$B,Lists!$A$7,'Rig 202'!$G:$G) -> 0 | AL16: =SUMIF('Rig 202'!$B:$B,Lists!$A$7,'Rig 202'!$H:$H) -> 1 | AM16: =SUMIF('Rig 202'!$B:$B,Lists!$A$7,'Rig 202'!$I:$I) -> 0 | AN16: =SUMIF('Rig 202'!$B:$B,Lists!$A$8,'Rig 202'!$C:$C) -> 0 | AO16: =SUMIF('Rig 202'!$B:$B,Lists!$A$8,'Rig 202'!$E:$E) -> 0 | AP16: =SUMIF('Rig 202'!$B:$B,Lists!$A$8,'Rig 202'!$F:$F) -> 0 | AQ16: =SUMIF('Rig 202'!$B:$B,Lists!$A$8,'Rig 202'!$G:$G) -> 0 | AR16: =SUMIF('Rig 202'!$B:$B,Lists!$A$8,'Rig 202'!$H:$H) -> 0 | AS16: =SUMIF('Rig 202'!$B:$B,Lists!$A$8,'Rig 202'!$I:$I) -> 0 | AT16: =SUMIF('Rig 202'!$B:$B,Lists!$A$9,'Rig 202'!$C:$C) -> 0 | AU16: =SUMIF('Rig 202'!$B:$B,Lists!$A$9,'Rig 202'!$E:$E) -> 0 | AV16: =SUMIF('Rig 202'!$B:$B,Lists!$A$9,'Rig 202'!$F:$F) -> 0 | AW16: =SUMIF('Rig 202'!$B:$B,Lists!$A$9,'Rig 202'!$G:$G) -> 0 | AX16: =SUMIF('Rig 202'!$B:$B,Lists!$A$9,'Rig 202'!$H:$H) -> 0 | AY16: =SUMIF('Rig 202'!$B:$B,Lists!$A$9,'Rig 202'!$I:$I) -> 0 | AZ16: =SUMIF('Rig 202'!$B:$B,Lists!$A$10,'Rig 202'!$C:$C) -> 0 | BA16: =SUMIF('Rig 202'!$B:$B,Lists!$A$10,'Rig 202'!$E:$E) -> 0 | BB16: =SUMIF('Rig 202'!$B:$B,Lists!$A$10,'Rig 202'!$F:$F) -> 0 | BC16: =SUMIF('Rig 202'!$B:$B,Lists!$A$10,'Rig 202'!$G:$G) -> 0 | BD16: =SUMIF('Rig 202'!$B:$B,Lists!$A$10,'Rig 202'!$H:$H) -> 0 | BE16: =SUMIF('Rig 202'!$B:$B,Lists!$A$10,'Rig 202'!$I:$I) -> 0 | BF16: =SUMIF('Rig 202'!$B:$B,Lists!$A$11,'Rig 202'!$C:$C) -> 286 | BG16: =SUMIF('Rig 202'!$B:$B,Lists!$A$11,'Rig 202'!$E:$E) -> 60 | BH16: =SUMIF('Rig 202'!$B:$B,Lists!$A$11,'Rig 202'!$F:$F) -> 0 | BI16: =SUMIF('Rig 202'!$B:$B,Lists!$A$11,'Rig 202'!$G:$G) -> 0 | BJ16: =SUMIF('Rig 202'!$B:$B,Lists!$A$11,'Rig 202'!$H:$H) -> 125 | BK16: =SUMIF('Rig 202'!$B:$B,Lists!$A$11,'Rig 202'!$I:$I) -> 16 | BL16: =SUMIF('Rig 202'!$B:$B,Lists!$A$12,'Rig 202'!$C:$C) -> 0 | BM16: =SUMIF('Rig 202'!$B:$B,Lists!$A$12,'Rig 202'!$E:$E) -> 0 | BN16: =SUMIF('Rig 202'!$B:$B,Lists!$A$12,'Rig 202'!$F:$F) -> 0 | BO16: =SUMIF('Rig 202'!$B:$B,Lists!$A$12,'Rig 202'!$G:$G) -> 0 | BP16: =SUMIF('Rig 202'!$B:$B,Lists!$A$12,'Rig 202'!$H:$H) -> 0 | BQ16: =SUMIF('Rig 202'!$B:$B,Lists!$A$12,'Rig 202'!$I:$I) -> 0 | BR16: =SUMIF('Rig 202'!$B:$B,Lists!$A$13,'Rig 202'!$C:$C) -> 0 | BS16: =SUMIF('Rig 202'!$B:$B,Lists!$A$13,'Rig 202'!$E:$E) -> 0 | BT16: =SUMIF('Rig 202'!$B:$B,Lists!$A$13,'Rig 202'!$F:$F) -> 0 | BU16: =SUMIF('Rig 202'!$B:$B,Lists!$A$13,'Rig 202'!$G:$G) -> 0 | BV16: =SUMIF('Rig 202'!$B:$B,Lists!$A$13,'Rig 202'!$H:$H) -> 0 | BW16: =SUMIF('Rig 202'!$B:$B,Lists!$A$13,'Rig 202'!$I:$I) -> 0 | BX16: =SUMIF('Rig 202'!$B:$B,Lists!$A$14,'Rig 202'!$C:$C) -> 0 | BY16: =SUMIF('Rig 202'!$B:$B,Lists!$A$14,'Rig 202'!$E:$E) -> 0 | BZ16: =SUMIF('Rig 202'!$B:$B,Lists!$A$14,'Rig 202'!$F:$F) -> 0 | CA16: =SUMIF('Rig 202'!$B:$B,Lists!$A$14,'Rig 202'!$G:$G) -> 0 | CB16: =SUMIF('Rig 202'!$B:$B,Lists!$A$14,'Rig 202'!$H:$H) -> 0 | CC16: =SUMIF('Rig 202'!$B:$B,Lists!$A$14,'Rig 202'!$I:$I) -> 0 | CD16: =SUMIF('Rig 202'!$B:$B,Lists!$A$15,'Rig 202'!$C:$C) -> 0 | CE16: =SUMIF('Rig 202'!$B:$B,Lists!$A$15,'Rig 202'!$E:$E) -> 0 | CF16: =SUMIF('Rig 202'!$B:$B,Lists!$A$15,'Rig 202'!$F:$F) -> 0 | CG16: =SUMIF('Rig 202'!$B:$B,Lists!$A$15,'Rig 202'!$G:$G) -> 0 | CH16: =SUMIF('Rig 202'!$B:$B,Lists!$A$15,'Rig 202'!$H:$H) -> 0 | CI16: =SUMIF('Rig 202'!$B:$B,Lists!$A$15,'Rig 202'!$I:$I) -> 0 | CJ16: =SUMIF('Rig 202'!$B:$B,Lists!$A$16,'Rig 202'!$C:$C) -> 0 | CK16: =SUMIF('Rig 202'!$B:$B,Lists!$A$16,'Rig 202'!$E:$E) -> 0 | CL16: =SUMIF('Rig 202'!$B:$B,Lists!$A$16,'Rig 202'!$F:$F) -> 0 | CM16: =SUMIF('Rig 202'!$B:$B,Lists!$A$16,'Rig 202'!$G:$G) -> 0 | CN16: =SUMIF('Rig 202'!$B:$B,Lists!$A$16,'Rig 202'!$H:$H) -> 0 | CO16: =SUMIF('Rig 202'!$B:$B,Lists!$A$16,'Rig 202'!$I:$I) -> 25 | CP16: =SUMIF('Rig 202'!$B:$B,Lists!$A$17,'Rig 202'!$C:$C) -> 0 | CQ16: =SUMIF('Rig 202'!$B:$B,Lists!$A$17,'Rig 202'!$E:$E) -> 0 | CR16: =SUMIF('Rig 202'!$B:$B,Lists!$A$17,'Rig 202'!$F:$F) -> 0 | CS16: =SUMIF('Rig 202'!$B:$B,Lists!$A$17,'Rig 202'!$G:$G) -> 0 | CT16: =SUMIF('Rig 202'!$B:$B,Lists!$A$17,'Rig 202'!$H:$H) -> 0 | CU16: =SUMIF('Rig 202'!$B:$B,Lists!$A$17,'Rig 202'!$I:$I) -> 0 | CV16: =SUMIF('Rig 202'!$B:$B,Lists!$A$18,'Rig 202'!$C:$C) -> 36 | CW16: =SUMIF('Rig 202'!$B:$B,Lists!$A$18,'Rig 202'!$E:$E) -> 0 | CX16: =SUMIF('Rig 202'!$B:$B,Lists!$A$18,'Rig 202'!$F:$F) -> 0 | CY16: =SUMIF('Rig 202'!$B:$B,Lists!$A$18,'Rig 202'!$G:$G) -> 0 | CZ16: =SUMIF('Rig 202'!$B:$B,Lists!$A$18,'Rig 202'!$H:$H) -> 0 | DA16: =SUMIF('Rig 202'!$B:$B,Lists!$A$18,'Rig 202'!$I:$I) -> 0 | DB16: =SUMIF('Rig 202'!$B:$B,Lists!$A$19,'Rig 202'!$C:$C) -> 36 | DC16: =SUMIF('Rig 202'!$B:$B,Lists!$A$19,'Rig 202'!$E:$E) -> 7 | DD16: =SUMIF('Rig 202'!$B:$B,Lists!$A$19,'Rig 202'!$F:$F) -> 0 | DE16: =SUMIF('Rig 202'!$B:$B,Lists!$A$19,'Rig 202'!$G:$G) -> 0 | DF16: =SUMIF('Rig 202'!$B:$B,Lists!$A$19,'Rig 202'!$H:$H) -> 7 | DG16: =SUMIF('Rig 202'!$B:$B,Lists!$A$19,'Rig 202'!$I:$I) -> 24 | DH16: =SUMIF('Rig 202'!$B:$B,Lists!$A$20,'Rig 202'!$C:$C) -> 0 | DI16: =SUMIF('Rig 202'!$B:$B,Lists!$A$20,'Rig 202'!$E:$E) -> 0 | DJ16: =SUMIF('Rig 202'!$B:$B,Lists!$A$20,'Rig 202'!$F:$F) -> 0 | DK16: =SUMIF('Rig 202'!$B:$B,Lists!$A$20,'Rig 202'!$G:$G) -> 0 | DL16: =SUMIF('Rig 202'!$B:$B,Lists!$A$20,'Rig 202'!$H:$H) -> 0 | DM16: =SUMIF('Rig 202'!$B:$B,Lists!$A$20,'Rig 202'!$I:$I) -> 0 | DN16: =SUMIF('Rig 202'!$B:$B,Lists!$A$21,'Rig 202'!$C:$C) -> 0 | DO16: =SUMIF('Rig 202'!$B:$B,Lists!$A$21,'Rig 202'!$E:$E) -> 0 | DP16: =SUMIF('Rig 202'!$B:$B,Lists!$A$21,'Rig 202'!$F:$F) -> 0 | DQ16: =SUMIF('Rig 202'!$B:$B,Lists!$A$21,'Rig 202'!$G:$G) -> 0 | DR16: =SUMIF('Rig 202'!$B:$B,Lists!$A$21,'Rig 202'!$H:$H) -> 0 | DS16: =SUMIF('Rig 202'!$B:$B,Lists!$A$21,'Rig 202'!$I:$I) -> 0 | DT16: =SUMIF('Rig 202'!$B:$B,Lists!$A$22,'Rig 202'!$C:$C) -> 3 | DU16: =SUMIF('Rig 202'!$B:$B,Lists!$A$22,'Rig 202'!$E:$E) -> 4 | DV16: =SUMIF('Rig 202'!$B:$B,Lists!$A$22,'Rig 202'!$F:$F) -> 0 | DW16: =SUMIF('Rig 202'!$B:$B,Lists!$A$22,'Rig 202'!$G:$G) -> 0 | DX16: =SUMIF('Rig 202'!$B:$B,Lists!$A$22,'Rig 202'!$H:$H) -> 0 | DY16: =SUMIF('Rig 202'!$B:$B,Lists!$A$22,'Rig 202'!$I:$I) -> 0 | DZ16: =SUMIF('Rig 202'!$B:$B,Lists!$A$23,'Rig 202'!$C:$C) -> 0 | EA16: =SUMIF('Rig 202'!$B:$B,Lists!$A$23,'Rig 202'!$E:$E) -> 0 | EB16: =SUMIF('Rig 202'!$B:$B,Lists!$A$23,'Rig 202'!$F:$F) -> 0 | EC16: =SUMIF('Rig 202'!$B:$B,Lists!$A$23,'Rig 202'!$G:$G) -> 0 | ED16: =SUMIF('Rig 202'!$B:$B,Lists!$A$23,'Rig 202'!$H:$H) -> 0 | EE16: =SUMIF('Rig 202'!$B:$B,Lists!$A$23,'Rig 202'!$I:$I) -> 0 | EF16: =SUMIF('Rig 202'!$B:$B,Lists!$A$24,'Rig 202'!$C:$C) -> 18 | EG16: =SUMIF('Rig 202'!$B:$B,Lists!$A$24,'Rig 202'!$E:$E) -> 11 | EH16: =SUMIF('Rig 202'!$B:$B,Lists!$A$24,'Rig 202'!$F:$F) -> 0 | EI16: =SUMIF('Rig 202'!$B:$B,Lists!$A$24,'Rig 202'!$G:$G) -> 0 | EJ16: =SUMIF('Rig 202'!$B:$B,Lists!$A$24,'Rig 202'!$H:$H) -> 0 | EK16: =SUMIF('Rig 202'!$B:$B,Lists!$A$24,'Rig 202'!$I:$I) -> 0 | EL16: =SUMIF('Rig 202'!$B:$B,Lists!$A$25,'Rig 202'!$C:$C) -> 0 | EM16: =SUMIF('Rig 202'!$B:$B,Lists!$A$25,'Rig 202'!$E:$E) -> 15 | EN16: =SUMIF('Rig 202'!$B:$B,Lists!$A$25,'Rig 202'!$F:$F) -> 0 | EO16: =SUMIF('Rig 202'!$B:$B,Lists!$A$25,'Rig 202'!$G:$G) -> 0 | EP16: =SUMIF('Rig 202'!$B:$B,Lists!$A$25,'Rig 202'!$H:$H) -> 0 | EQ16: =SUMIF('Rig 202'!$B:$B,Lists!$A$25,'Rig 202'!$I:$I) -> 0 | ER16: =SUMIF('Rig 202'!$B:$B,Lists!$A$26,'Rig 202'!$C:$C) -> 0 | ES16: =SUMIF('Rig 202'!$B:$B,Lists!$A$26,'Rig 202'!$E:$E) -> 0 | ET16: =SUMIF('Rig 202'!$B:$B,Lists!$A$26,'Rig 202'!$F:$F) -> 0 | EU16: =SUMIF('Rig 202'!$B:$B,Lists!$A$26,'Rig 202'!$G:$G) -> 0 | EV16: =SUMIF('Rig 202'!$B:$B,Lists!$A$26,'Rig 202'!$H:$H) -> 0 | EW16: =SUMIF('Rig 202'!$B:$B,Lists!$A$26,'Rig 202'!$I:$I) -> 0 | EX16: =SUMIF('Rig 202'!$B:$B,Lists!$A$27,'Rig 202'!$C:$C) -> 20 | EY16: =SUMIF('Rig 202'!$B:$B,Lists!$A$27,'Rig 202'!$E:$E) -> 7 | EZ16: =SUMIF('Rig 202'!$B:$B,Lists!$A$27,'Rig 202'!$F:$F) -> 0 | FA16: =SUMIF('Rig 202'!$B:$B,Lists!$A$27,'Rig 202'!$G:$G) -> 0 | FB16: =SUMIF('Rig 202'!$B:$B,Lists!$A$27,'Rig 202'!$H:$H) -> 0 | FC16: =SUMIF('Rig 202'!$B:$B,Lists!$A$27,'Rig 202'!$I:$I) -> 0 | FD16: =SUMIF('Rig 202'!$B:$B,Lists!$A$28,'Rig 202'!$C:$C) -> 0 | FE16: =SUMIF('Rig 202'!$B:$B,Lists!$A$28,'Rig 202'!$E:$E) -> 0 | FF16: =SUMIF('Rig 202'!$B:$B,Lists!$A$28,'Rig 202'!$F:$F) -> 0 | FG16: =SUMIF('Rig 202'!$B:$B,Lists!$A$28,'Rig 202'!$G:$G) -> 0 | FH16: =SUMIF('Rig 202'!$B:$B,Lists!$A$28,'Rig 202'!$H:$H) -> 0 | FI16: =SUMIF('Rig 202'!$B:$B,Lists!$A$28,'Rig 202'!$I:$I) -> 0 | FJ16: =SUMIF('Rig 202'!$B:$B,Lists!$A$29,'Rig 202'!$C:$C) -> 20 | FK16: =SUMIF('Rig 202'!$B:$B,Lists!$A$29,'Rig 202'!$E:$E) -> 12 | FL16: =SUMIF('Rig 202'!$B:$B,Lists!$A$29,'Rig 202'!$F:$F) -> 0 | FM16: =SUMIF('Rig 202'!$B:$B,Lists!$A$29,'Rig 202'!$G:$G) -> 0 | FN16: =SUMIF('Rig 202'!$B:$B,Lists!$A$29,'Rig 202'!$H:$H) -> 0 | FO16: =SUMIF('Rig 202'!$B:$B,Lists!$A$29,'Rig 202'!$I:$I) -> 0 | FP16: =SUMIF('Rig 202'!$B:$B,Lists!$A$30,'Rig 202'!$C:$C) -> 0 | FQ16: =SUMIF('Rig 202'!$B:$B,Lists!$A$30,'Rig 202'!$E:$E) -> 1 | FR16: =SUMIF('Rig 202'!$B:$B,Lists!$A$30,'Rig 202'!$F:$F) -> 0 | FS16: =SUMIF('Rig 202'!$B:$B,Lists!$A$30,'Rig 202'!$G:$G) -> 0 | FT16: =SUMIF('Rig 202'!$B:$B,Lists!$A$30,'Rig 202'!$H:$H) -> 0 | FU16: =SUMIF('Rig 202'!$B:$B,Lists!$A$30,'Rig 202'!$I:$I) -> 0 | FV16: =SUMIF('Rig 202'!$B:$B,Lists!$A$31,'Rig 202'!$C:$C) -> 0 | FW16: =SUMIF('Rig 202'!$B:$B,Lists!$A$31,'Rig 202'!$E:$E) -> 0 | FX16: =SUMIF('Rig 202'!$B:$B,Lists!$A$31,'Rig 202'!$F:$F) -> 0 | FY16: =SUMIF('Rig 202'!$B:$B,Lists!$A$31,'Rig 202'!$G:$G) -> 0 | FZ16: =SUMIF('Rig 202'!$B:$B,Lists!$A$31,'Rig 202'!$H:$H) -> 0 | GA16: =SUMIF('Rig 202'!$B:$B,Lists!$A$31,'Rig 202'!$I:$I) -> 0 | GB16: =SUMIF('Rig 202'!$B:$B,Lists!$A$32,'Rig 202'!$C:$C) -> 0 | GC16: =SUMIF('Rig 202'!$B:$B,Lists!$A$32,'Rig 202'!$E:$E) -> 0 | GD16: =SUMIF('Rig 202'!$B:$B,Lists!$A$32,'Rig 202'!$F:$F) -> 0 | GE16: =SUMIF('Rig 202'!$B:$B,Lists!$A$32,'Rig 202'!$G:$G) -> 0 | GF16: =SUMIF('Rig 202'!$B:$B,Lists!$A$32,'Rig 202'!$H:$H) -> 0 | GG16: =SUMIF('Rig 202'!$B:$B,Lists!$A$32,'Rig 202'!$I:$I) -> 0 | GH16: =SUMIF('Rig 202'!$B:$B,Lists!$A$33,'Rig 202'!$C:$C) -> 0 | GI16: =SUMIF('Rig 202'!$B:$B,Lists!$A$33,'Rig 202'!$E:$E) -> 0 | GJ16: =SUMIF('Rig 202'!$B:$B,Lists!$A$33,'Rig 202'!$F:$F) -> 0 | GK16: =SUMIF('Rig 202'!$B:$B,Lists!$A$33,'Rig 202'!$G:$G) -> 0 | GL16: =SUMIF('Rig 202'!$B:$B,Lists!$A$33,'Rig 202'!$H:$H) -> 0 | GM16: =SUMIF('Rig 202'!$B:$B,Lists!$A$33,'Rig 202'!$I:$I) -> 0 | GN16: =SUMIF('Rig 202'!$B:$B,Lists!$A$34,'Rig 202'!$C:$C) -> 0 | GO16: =SUMIF('Rig 202'!$B:$B,Lists!$A$34,'Rig 202'!$E:$E) -> 0 | GP16: =SUMIF('Rig 202'!$B:$B,Lists!$A$34,'Rig 202'!$F:$F) -> 0 | GQ16: =SUMIF('Rig 202'!$B:$B,Lists!$A$34,'Rig 202'!$G:$G) -> 0 | GR16: =SUMIF('Rig 202'!$B:$B,Lists!$A$34,'Rig 202'!$H:$H) -> 0 | GS16: =SUMIF('Rig 202'!$B:$B,Lists!$A$34,'Rig 202'!$I:$I) -> 0 | GT16: =SUMIF('Rig 202'!$B:$B,Lists!$A$35,'Rig 202'!$C:$C) -> 0 | GU16: =SUMIF('Rig 202'!$B:$B,Lists!$A$35,'Rig 202'!$E:$E) -> 0 | GV16: =SUMIF('Rig 202'!$B:$B,Lists!$A$35,'Rig 202'!$F:$F) -> 0 | GW16: =SUMIF('Rig 202'!$B:$B,Lists!$A$35,'Rig 202'!$G:$G) -> 0 | GX16: =SUMIF('Rig 202'!$B:$B,Lists!$A$35,'Rig 202'!$H:$H) -> 0 | GY16: =SUMIF('Rig 202'!$B:$B,Lists!$A$35,'Rig 202'!$I:$I) -> 0 | GZ16: =SUMIF('Rig 202'!$B:$B,Lists!$A$36,'Rig 202'!$C:$C) -> 0 | HA16: =SUMIF('Rig 202'!$B:$B,Lists!$A$36,'Rig 202'!$E:$E) -> 0 | HB16: =SUMIF('Rig 202'!$B:$B,Lists!$A$36,'Rig 202'!$F:$F) -> 0 | HC16: =SUMIF('Rig 202'!$B:$B,Lists!$A$36,'Rig 202'!$G:$G) -> 0 | HD16: =SUMIF('Rig 202'!$B:$B,Lists!$A$36,'Rig 202'!$H:$H) -> 0 | HE16: =SUMIF('Rig 202'!$B:$B,Lists!$A$36,'Rig 202'!$I:$I) -> 0 | HF16: =SUMIF('Rig 202'!$B:$B,Lists!$A$37,'Rig 202'!$C:$C) -> 0 | HG16: =SUMIF('Rig 202'!$B:$B,Lists!$A$37,'Rig 202'!$E:$E) -> 0 | HH16: =SUMIF('Rig 202'!$B:$B,Lists!$A$37,'Rig 202'!$F:$F) -> 0 | HI16: =SUMIF('Rig 202'!$B:$B,Lists!$A$37,'Rig 202'!$G:$G) -> 0 | HJ16: =SUMIF('Rig 202'!$B:$B,Lists!$A$37,'Rig 202'!$H:$H) -> 0 | HK16: =SUMIF('Rig 202'!$B:$B,Lists!$A$37,'Rig 202'!$I:$I) -> 0 | HL16: =SUMIF('Rig 202'!$B:$B,Lists!$A$38,'Rig 202'!$C:$C) -> 0 | HM16: =SUMIF('Rig 202'!$B:$B,Lists!$A$38,'Rig 202'!$E:$E) -> 0 | HN16: =SUMIF('Rig 202'!$B:$B,Lists!$A$38,'Rig 202'!$F:$F) -> 0 | HO16: =SUMIF('Rig 202'!$B:$B,Lists!$A$38,'Rig 202'!$G:$G) -> 0 | HP16: =SUMIF('Rig 202'!$B:$B,Lists!$A$38,'Rig 202'!$H:$H) -> 0 | HQ16: =SUMIF('Rig 202'!$B:$B,Lists!$A$38,'Rig 202'!$I:$I) -> 0 | HR16: =SUMIF('Rig 202'!$B:$B,Lists!$A$39,'Rig 202'!$C:$C) -> 0 | HS16: =SUMIF('Rig 202'!$B:$B,Lists!$A$39,'Rig 202'!$E:$E) -> 5 | HT16: =SUMIF('Rig 202'!$B:$B,Lists!$A$39,'Rig 202'!$F:$F) -> 0 | HU16: =SUMIF('Rig 202'!$B:$B,Lists!$A$39,'Rig 202'!$G:$G) -> 0 | HV16: =SUMIF('Rig 202'!$B:$B,Lists!$A$39,'Rig 202'!$H:$H) -> 0 | HW16: =SUMIF('Rig 202'!$B:$B,Lists!$A$39,'Rig 202'!$I:$I) -> 0 | HX16: =SUMIF('Rig 202'!$B:$B,Lists!$A$40,'Rig 202'!$C:$C) -> 0 | HY16: =SUMIF('Rig 202'!$B:$B,Lists!$A$40,'Rig 202'!$E:$E) -> 1 | HZ16: =SUMIF('Rig 202'!$B:$B,Lists!$A$40,'Rig 202'!$F:$F) -> 0 | IA16: =SUMIF('Rig 202'!$B:$B,Lists!$A$40,'Rig 202'!$G:$G) -> 0 | IB16: =SUMIF('Rig 202'!$B:$B,Lists!$A$40,'Rig 202'!$H:$H) -> 0 | IC16: =SUMIF('Rig 202'!$B:$B,Lists!$A$40,'Rig 202'!$I:$I) -> 0 | ID16: =SUMIF('Rig 202'!$B:$B,Lists!$A$41,'Rig 202'!$C:$C) -> 0 | IE16: =SUMIF('Rig 202'!$B:$B,Lists!$A$41,'Rig 202'!$E:$E) -> 0 | IF16: =SUMIF('Rig 202'!$B:$B,Lists!$A$41,'Rig 202'!$F:$F) -> 0 | IG16: =SUMIF('Rig 202'!$B:$B,Lists!$A$41,'Rig 202'!$G:$G) -> 0 | IH16: =SUMIF('Rig 202'!$B:$B,Lists!$A$41,'Rig 202'!$H:$H) -> 0 | II16: =SUMIF('Rig 202'!$B:$B,Lists!$A$41,'Rig 202'!$I:$I) -> 0
